Name,Display Name,Description,Type,Required,Choices,Units,Default Value
hpxml_path,HPXML File Path,Absolute/relative path of the HPXML file.,String,true,,,
existing_hpxml_path,Existing HPXML File Path,"Absolute/relative path of the existing HPXML file. If not provided, a new HPXML file with one Building element is created. If provided, a new Building element will be appended to this HPXML file (e.g., to create a multifamily HPXML file describing multiple dwelling units).",String,false,,,
whole_sfa_or_mf_building_sim,Whole SFA/MF Building Simulation?,"If the HPXML file represents a single family-attached/multifamily building with multiple dwelling units defined, specifies whether to run the HPXML file as a single whole building model.",Boolean,false,"['true', 'false']",,
software_info_program_used,Software Info: Program Used,The name of the software program used.,String,false,,,
software_info_program_version,Software Info: Program Version,The version of the software program used.,String,false,,,
schedules_filepaths,Schedules: CSV File Paths,"Absolute/relative paths of csv files containing user-specified detailed schedules. If multiple files, use a comma-separated list.",String,false,,,
schedules_unavailable_period_types,Schedules: Unavailable Period Types,"Specifies the unavailable period types. Possible types are column names defined in unavailable_periods.csv: Vacancy, Power Outage, No Space Heating, No Space Cooling. If multiple periods, use a comma-separated list.",String,false,,,
schedules_unavailable_period_dates,Schedules: Unavailable Period Dates,"Specifies the unavailable period date ranges. Enter a date range like ""Dec 15 - Jan 15"". Optionally, can enter hour of the day like ""Dec 15 2 - Jan 15 20"" (start hour can be 0 through 23 and end hour can be 1 through 24). If multiple periods, use a comma-separated list.",String,false,,,
schedules_unavailable_period_window_natvent_availabilities,Schedules: Unavailable Period Window Natural Ventilation Availabilities,"The availability of the natural ventilation schedule during unavailable periods. Valid choices are: regular schedule, always available, always unavailable. If multiple periods, use a comma-separated list. If not provided, the OS-HPXML default (see <a href='https://openstudio-hpxml.readthedocs.io/en/v1.10.0/workflow_inputs.html#hpxml-unavailable-periods'>HPXML Unavailable Periods</a>) is used.",String,false,,,
simulation_control_timestep,Simulation Control: Timestep,"Value must be a divisor of 60. If not provided, the OS-HPXML default (see <a href='https://openstudio-hpxml.readthedocs.io/en/v1.10.0/workflow_inputs.html#hpxml-simulation-control'>HPXML Simulation Control</a>) is used.",Integer,false,,min,
simulation_control_run_period,Simulation Control: Run Period,"Enter a date range like 'Jan 1 - Dec 31'. If not provided, the OS-HPXML default (see <a href='https://openstudio-hpxml.readthedocs.io/en/v1.10.0/workflow_inputs.html#hpxml-simulation-control'>HPXML Simulation Control</a>) is used.",String,false,,,
simulation_control_run_period_calendar_year,Simulation Control: Run Period Calendar Year,"This numeric field should contain the calendar year that determines the start day of week. If you are running simulations using AMY weather files, the value entered for calendar year will not be used; it will be overridden by the actual year found in the AMY weather file. If not provided, the OS-HPXML default (see <a href='https://openstudio-hpxml.readthedocs.io/en/v1.10.0/workflow_inputs.html#hpxml-simulation-control'>HPXML Simulation Control</a>) is used.",Integer,false,,year,
simulation_control_daylight_saving_enabled,Simulation Control: Daylight Saving Enabled,"Whether to use daylight saving. If not provided, the OS-HPXML default (see <a href='https://openstudio-hpxml.readthedocs.io/en/v1.10.0/workflow_inputs.html#hpxml-building-site'>HPXML Building Site</a>) is used.",Boolean,false,"['true', 'false']",,
simulation_control_daylight_saving_period,Simulation Control: Daylight Saving Period,"Enter a date range like 'Mar 15 - Dec 15'. If not provided, the OS-HPXML default (see <a href='https://openstudio-hpxml.readthedocs.io/en/v1.10.0/workflow_inputs.html#hpxml-building-site'>HPXML Building Site</a>) is used.",String,false,,,
simulation_control_temperature_capacitance_multiplier,Simulation Control: Temperature Capacitance Multiplier,"Affects the transient calculation of indoor air temperatures. If not provided, the OS-HPXML default (see <a href='https://openstudio-hpxml.readthedocs.io/en/v1.10.0/workflow_inputs.html#hpxml-simulation-control'>HPXML Simulation Control</a>) is used.",Double,false,,,
simulation_control_defrost_model_type,Simulation Control: Defrost Model Type,"Research feature to select the type of defrost model. Use standard for default E+ defrost setting. Use advanced for an improved model that better accounts for load and energy use during defrost; using advanced may impact simulation runtime. If not provided, the OS-HPXML default (see <a href='https://openstudio-hpxml.readthedocs.io/en/v1.10.0/workflow_inputs.html#hpxml-simulation-control'>HPXML Simulation Control</a>) is used.",Choice,false,"['standard', 'advanced']",,
simulation_control_ground_to_air_heat_pump_model_type,Simulation Control: Ground-to-Air Heat Pump Model Type,"Research feature to select the type of ground-to-air heat pump model. Use standard for standard ground-to-air heat pump modeling. Use experimental for an improved model that better accounts for coil staging. If not provided, the OS-HPXML default (see <a href='https://openstudio-hpxml.readthedocs.io/en/v1.10.0/workflow_inputs.html#hpxml-simulation-control'>HPXML Simulation Control</a>) is used.",Choice,false,"['standard', 'experimental']",,
simulation_control_onoff_thermostat_deadband,Simulation Control: HVAC On-Off Thermostat Deadband,"Research feature to model on-off thermostat deadband and start-up degradation for single or two speed AC/ASHP systems, and realistic time-based staging for two speed AC/ASHP systems. Currently only supported with 1 min timestep.",Double,false,,deg-F,
simulation_control_heat_pump_backup_heating_capacity_increment,Simulation Control: Heat Pump Backup Heating Capacity Increment,Research feature to model capacity increment of multi-stage heat pump backup systems with time-based staging. Only applies to air-source heat pumps where Backup Type is 'integrated' and Backup Fuel Type is 'electricity'. Currently only supported with 1 min timestep.,Double,false,,Btu/hr,
site_type,Site: Type,"The type of site. If not provided, the OS-HPXML default (see <a href='https://openstudio-hpxml.readthedocs.io/en/v1.10.0/workflow_inputs.html#hpxml-site'>HPXML Site</a>) is used.",Choice,false,"['suburban', 'urban', 'rural']",,
site_shielding_of_home,Site: Shielding of Home,"Presence of nearby buildings, trees, obstructions for infiltration model. If not provided, the OS-HPXML default (see <a href='https://openstudio-hpxml.readthedocs.io/en/v1.10.0/workflow_inputs.html#hpxml-site'>HPXML Site</a>) is used.",Choice,false,"['exposed', 'normal', 'well-shielded']",,
site_soil_and_moisture_type,Site: Soil and Moisture Type,"Type of soil and moisture. This is used to inform ground conductivity and diffusivity. If not provided, the OS-HPXML default (see <a href='https://openstudio-hpxml.readthedocs.io/en/v1.10.0/workflow_inputs.html#hpxml-site'>HPXML Site</a>) is used.",Choice,false,"['clay, dry', 'clay, mixed', 'clay, wet', 'gravel, dry', 'gravel, mixed', 'gravel, wet', 'loam, dry', 'loam, mixed', 'loam, wet', 'sand, dry', 'sand, mixed', 'sand, wet', 'silt, dry', 'silt, mixed', 'silt, wet', 'unknown, dry', 'unknown, mixed', 'unknown, wet']",,
site_ground_conductivity,Site: Ground Conductivity,"Conductivity of the ground soil. If provided, overrides the previous site and moisture type input.",Double,false,,Btu/hr-ft-F,
site_ground_diffusivity,Site: Ground Diffusivity,"Diffusivity of the ground soil. If provided, overrides the previous site and moisture type input.",Double,false,,ft^2/hr,
site_iecc_zone,Site: IECC Zone,IECC zone of the home address.,Choice,false,"['1A', '1B', '1C', '2A', '2B', '2C', '3A', '3B', '3C', '4A', '4B', '4C', '5A', '5B', '5C', '6A', '6B', '6C', '7', '8']",,
site_city,Site: City,City/municipality of the home address.,String,false,,,
site_state_code,Site: State Code,"State code of the home address. If not provided, the OS-HPXML default (see <a href='https://openstudio-hpxml.readthedocs.io/en/v1.10.0/workflow_inputs.html#hpxml-site'>HPXML Site</a>) is used.",Choice,false,"['AK', 'AL', 'AR', 'AZ', 'CA', 'CO', 'CT', 'DC', 'DE', 'FL', 'GA', 'HI', 'IA', 'ID', 'IL', 'IN', 'KS', 'KY', 'LA', 'MA', 'MD', 'ME', 'MI', 'MN', 'MO', 'MS', 'MT', 'NC', 'ND', 'NE', 'NH', 'NJ', 'NM', 'NV', 'NY', 'OH', 'OK', 'OR', 'PA', 'RI', 'SC', 'SD', 'TN', 'TX', 'UT', 'VA', 'VT', 'WA', 'WI', 'WV', 'WY']",,
site_zip_code,Site: Zip Code,Zip code of the home address. Either this or the Weather Station: EnergyPlus Weather (EPW) Filepath input below must be provided.,String,false,,,
site_time_zone_utc_offset,Site: Time Zone UTC Offset,"Time zone UTC offset of the home address. Must be between -12 and 14. If not provided, the OS-HPXML default (see <a href='https://openstudio-hpxml.readthedocs.io/en/v1.10.0/workflow_inputs.html#hpxml-site'>HPXML Site</a>) is used.",Double,false,,hr,
site_elevation,Site: Elevation,"Elevation of the home address. If not provided, the OS-HPXML default (see <a href='https://openstudio-hpxml.readthedocs.io/en/v1.10.0/workflow_inputs.html#hpxml-site'>HPXML Site</a>) is used.",Double,false,,ft,
site_latitude,Site: Latitude,"Latitude of the home address. Must be between -90 and 90. Use negative values for southern hemisphere. If not provided, the OS-HPXML default (see <a href='https://openstudio-hpxml.readthedocs.io/en/v1.10.0/workflow_inputs.html#hpxml-site'>HPXML Site</a>) is used.",Double,false,,deg,
site_longitude,Site: Longitude,"Longitude of the home address. Must be between -180 and 180. Use negative values for the western hemisphere. If not provided, the OS-HPXML default (see <a href='https://openstudio-hpxml.readthedocs.io/en/v1.10.0/workflow_inputs.html#hpxml-site'>HPXML Site</a>) is used.",Double,false,,deg,
weather_station_epw_filepath,Weather Station: EnergyPlus Weather (EPW) Filepath,Path of the EPW file. Either this or the Site: Zip Code input above must be provided.,String,false,,,
year_built,Building Construction: Year Built,The year the building was built.,Integer,false,,,
unit_multiplier,Building Construction: Unit Multiplier,"The number of similar dwelling units. EnergyPlus simulation results will be multiplied this value. If not provided, defaults to 1.",Integer,false,,,
geometry_unit_type,Geometry: Unit Type,"The type of dwelling unit. Use single-family attached for a dwelling unit with 1 or more stories, attached units to one or both sides, and no units above/below. Use apartment unit for a dwelling unit with 1 story, attached units to one, two, or three sides, and units above and/or below.",Choice,true,"['single-family detached', 'single-family attached', 'apartment unit', 'manufactured home']",,single-family detached
geometry_unit_left_wall_is_adiabatic,Geometry: Unit Left Wall Is Adiabatic,Presence of an adiabatic left wall.,Boolean,false,"['true', 'false']",,false
geometry_unit_right_wall_is_adiabatic,Geometry: Unit Right Wall Is Adiabatic,Presence of an adiabatic right wall.,Boolean,false,"['true', 'false']",,false
geometry_unit_front_wall_is_adiabatic,Geometry: Unit Front Wall Is Adiabatic,"Presence of an adiabatic front wall, for example, the unit is adjacent to a conditioned corridor.",Boolean,false,"['true', 'false']",,false
geometry_unit_back_wall_is_adiabatic,Geometry: Unit Back Wall Is Adiabatic,Presence of an adiabatic back wall.,Boolean,false,"['true', 'false']",,false
geometry_unit_num_floors_above_grade,Geometry: Unit Number of Floors Above Grade,The number of floors above grade in the unit. Attic type ConditionedAttic is included. Assumed to be 1 for apartment units.,Integer,true,,#,2
geometry_unit_cfa,Geometry: Unit Conditioned Floor Area,The total floor area of the unit's conditioned space (including any conditioned basement floor area).,Double,true,,ft^2,2000
geometry_unit_aspect_ratio,Geometry: Unit Aspect Ratio,"The ratio of front/back wall length to left/right wall length for the unit, excluding any protruding garage wall area.",Double,true,,Frac,2
geometry_unit_orientation,Geometry: Unit Orientation,"The unit's orientation is measured clockwise from north (e.g., North=0, East=90, South=180, West=270).",Double,true,,degrees,180
geometry_unit_num_bedrooms,Geometry: Unit Number of Bedrooms,The number of bedrooms in the unit.,Integer,true,,#,3
geometry_unit_num_bathrooms,Geometry: Unit Number of Bathrooms,"The number of bathrooms in the unit. If not provided, the OS-HPXML default (see <a href='https://openstudio-hpxml.readthedocs.io/en/v1.10.0/workflow_inputs.html#hpxml-building-construction'>HPXML Building Construction</a>) is used.",Integer,false,,#,
geometry_unit_num_occupants,Geometry: Unit Number of Occupants,"The number of occupants in the unit. If not provided, an *asset* calculation is performed assuming standard occupancy, in which various end use defaults (e.g., plug loads, appliances, and hot water usage) are calculated based on Number of Bedrooms and Conditioned Floor Area per ANSI/RESNET/ICC 301. If provided, an *operational* calculation is instead performed in which the end use defaults to reflect real-world data (where possible).",Double,false,,#,
geometry_building_num_units,Geometry: Building Number of Units,The number of units in the building. Required for single-family attached and apartment units.,Integer,false,,#,
geometry_average_ceiling_height,Geometry: Average Ceiling Height,Average distance from the floor to the ceiling.,Double,true,,ft,8
geometry_unit_height_above_grade,Geometry: Unit Height Above Grade,"Describes the above-grade height of apartment units on upper floors or homes above ambient or belly-and-wing foundations. It is defined as the height of the lowest conditioned floor above grade and is used to calculate the wind speed for the infiltration model. If not provided, the OS-HPXML default (see <a href='https://openstudio-hpxml.readthedocs.io/en/v1.10.0/workflow_inputs.html#hpxml-building-construction'>HPXML Building Construction</a>) is used.",Double,false,,ft,
geometry_garage_width,Geometry: Garage Width,The width of the garage. Enter zero for no garage. Only applies to single-family detached units.,Double,true,,ft,0
geometry_garage_depth,Geometry: Garage Depth,The depth of the garage. Only applies to single-family detached units.,Double,true,,ft,20
geometry_garage_protrusion,Geometry: Garage Protrusion,The fraction of the garage that is protruding from the conditioned space. Only applies to single-family detached units.,Double,true,,Frac,0
geometry_garage_position,Geometry: Garage Position,The position of the garage. Only applies to single-family detached units.,Choice,true,"['Right', 'Left']",,Right
geometry_foundation_type,Geometry: Foundation Type,The foundation type of the building. Foundation types ConditionedBasement and ConditionedCrawlspace are not allowed for apartment units.,Choice,true,"['SlabOnGrade', 'VentedCrawlspace', 'UnventedCrawlspace', 'ConditionedCrawlspace', 'UnconditionedBasement', 'ConditionedBasement', 'Ambient', 'AboveApartment', 'BellyAndWingWithSkirt', 'BellyAndWingNoSkirt']",,SlabOnGrade
geometry_foundation_height,Geometry: Foundation Height,"The height of the foundation (e.g., 3ft for crawlspace, 8ft for basement). Only applies to basements/crawlspaces.",Double,true,,ft,0
geometry_foundation_height_above_grade,Geometry: Foundation Height Above Grade,The depth above grade of the foundation wall. Only applies to basements/crawlspaces.,Double,true,,ft,0
geometry_rim_joist_height,Geometry: Rim Joist Height,The height of the rim joists. Only applies to basements/crawlspaces.,Double,false,,in,
geometry_attic_type,Geometry: Attic Type,The attic type of the building. Attic type ConditionedAttic is not allowed for apartment units.,Choice,true,"['FlatRoof', 'VentedAttic', 'UnventedAttic', 'ConditionedAttic', 'BelowApartment']",,VentedAttic
geometry_roof_type,Geometry: Roof Type,The roof type of the building. Ignored if the building has a flat roof.,Choice,true,"['gable', 'hip']",,gable
geometry_roof_pitch,Geometry: Roof Pitch,The roof pitch of the attic. Ignored if the building has a flat roof.,Choice,true,"['1:12', '2:12', '3:12', '4:12', '5:12', '6:12', '7:12', '8:12', '9:12', '10:12', '11:12', '12:12']",,6:12
geometry_eaves_depth,Geometry: Eaves Depth,The eaves depth of the roof.,Double,true,,ft,2
neighbor_front_distance,Neighbor: Front Distance,The distance between the unit and the neighboring building to the front (not including eaves). A value of zero indicates no neighbors. Used for shading.,Double,true,,ft,0
neighbor_back_distance,Neighbor: Back Distance,The distance between the unit and the neighboring building to the back (not including eaves). A value of zero indicates no neighbors. Used for shading.,Double,true,,ft,0
neighbor_left_distance,Neighbor: Left Distance,The distance between the unit and the neighboring building to the left (not including eaves). A value of zero indicates no neighbors. Used for shading.,Double,true,,ft,10
neighbor_right_distance,Neighbor: Right Distance,The distance between the unit and the neighboring building to the right (not including eaves). A value of zero indicates no neighbors. Used for shading.,Double,true,,ft,10
neighbor_front_height,Neighbor: Front Height,"The height of the neighboring building to the front. If not provided, the OS-HPXML default (see <a href='https://openstudio-hpxml.readthedocs.io/en/v1.10.0/workflow_inputs.html#hpxml-neighbor-buildings'>HPXML Neighbor Building</a>) is used.",Double,false,,ft,
neighbor_back_height,Neighbor: Back Height,"The height of the neighboring building to the back. If not provided, the OS-HPXML default (see <a href='https://openstudio-hpxml.readthedocs.io/en/v1.10.0/workflow_inputs.html#hpxml-neighbor-buildings'>HPXML Neighbor Building</a>) is used.",Double,false,,ft,
neighbor_left_height,Neighbor: Left Height,"The height of the neighboring building to the left. If not provided, the OS-HPXML default (see <a href='https://openstudio-hpxml.readthedocs.io/en/v1.10.0/workflow_inputs.html#hpxml-neighbor-buildings'>HPXML Neighbor Building</a>) is used.",Double,false,,ft,
neighbor_right_height,Neighbor: Right Height,"The height of the neighboring building to the right. If not provided, the OS-HPXML default (see <a href='https://openstudio-hpxml.readthedocs.io/en/v1.10.0/workflow_inputs.html#hpxml-neighbor-buildings'>HPXML Neighbor Building</a>) is used.",Double,false,,ft,
floor_over_foundation_assembly_r,Floor: Over Foundation Assembly R-value,Assembly R-value for the floor over the foundation. Ignored if the building has a slab-on-grade foundation.,Double,true,,h-ft^2-R/Btu,28.1
floor_over_garage_assembly_r,Floor: Over Garage Assembly R-value,Assembly R-value for the floor over the garage. Ignored unless the building has a garage under conditioned space.,Double,true,,h-ft^2-R/Btu,28.1
floor_type,Floor: Type,The type of floors.,Choice,true,"['WoodFrame', 'StructuralInsulatedPanel', 'SolidConcrete', 'SteelFrame']",,WoodFrame
foundation_wall_type,Foundation Wall: Type,"The material type of the foundation wall. If not provided, the OS-HPXML default (see <a href='https://openstudio-hpxml.readthedocs.io/en/v1.10.0/workflow_inputs.html#hpxml-foundation-walls'>HPXML Foundation Walls</a>) is used.",Choice,false,"['solid concrete', 'concrete block', 'concrete block foam core', 'concrete block perlite core', 'concrete block vermiculite core', 'concrete block solid core', 'double brick', 'wood']",,
foundation_wall_thickness,Foundation Wall: Thickness,"The thickness of the foundation wall. If not provided, the OS-HPXML default (see <a href='https://openstudio-hpxml.readthedocs.io/en/v1.10.0/workflow_inputs.html#hpxml-foundation-walls'>HPXML Foundation Walls</a>) is used.",Double,false,,in,
foundation_wall_insulation_r,Foundation Wall: Insulation Nominal R-value,Nominal R-value for the foundation wall insulation. Only applies to basements/crawlspaces.,Double,true,,h-ft^2-R/Btu,0
foundation_wall_insulation_location,Foundation Wall: Insulation Location,Whether the insulation is on the interior or exterior of the foundation wall. Only applies to basements/crawlspaces.,Choice,false,"['interior', 'exterior']",ft,exterior
foundation_wall_insulation_distance_to_top,Foundation Wall: Insulation Distance To Top,"The distance from the top of the foundation wall to the top of the foundation wall insulation. Only applies to basements/crawlspaces. If not provided, the OS-HPXML default (see <a href='https://openstudio-hpxml.readthedocs.io/en/v1.10.0/workflow_inputs.html#hpxml-foundation-walls'>HPXML Foundation Walls</a>) is used.",Double,false,,ft,
foundation_wall_insulation_distance_to_bottom,Foundation Wall: Insulation Distance To Bottom,"The distance from the top of the foundation wall to the bottom of the foundation wall insulation. Only applies to basements/crawlspaces. If not provided, the OS-HPXML default (see <a href='https://openstudio-hpxml.readthedocs.io/en/v1.10.0/workflow_inputs.html#hpxml-foundation-walls'>HPXML Foundation Walls</a>) is used.",Double,false,,ft,
foundation_wall_assembly_r,Foundation Wall: Assembly R-value,"Assembly R-value for the foundation walls. Only applies to basements/crawlspaces. If provided, overrides the previous foundation wall insulation inputs. If not provided, it is ignored.",Double,false,,h-ft^2-R/Btu,
rim_joist_assembly_r,Rim Joist: Assembly R-value,Assembly R-value for the rim joists. Only applies to basements/crawlspaces. Required if a rim joist height is provided.,Double,false,,h-ft^2-R/Btu,
slab_perimeter_insulation_r,Slab: Perimeter Insulation Nominal R-value,Nominal R-value of the vertical slab perimeter insulation. Applies to slab-on-grade foundations and basement/crawlspace floors.,Double,true,,h-ft^2-R/Btu,0
slab_perimeter_insulation_depth,Slab: Perimeter Insulation Depth,Depth from grade to bottom of vertical slab perimeter insulation. Applies to slab-on-grade foundations and basement/crawlspace floors.,Double,true,,ft,0
slab_exterior_horizontal_insulation_r,Slab: Exterior Horizontal Insulation Nominal R-value,Nominal R-value of the slab exterior horizontal insulation. Applies to slab-on-grade foundations and basement/crawlspace floors.,Double,false,,h-ft^2-R/Btu,
slab_exterior_horizontal_insulation_width,Slab: Exterior Horizontal Insulation Width,Width of the slab exterior horizontal insulation measured from the exterior surface of the vertical slab perimeter insulation. Applies to slab-on-grade foundations and basement/crawlspace floors.,Double,false,,ft,
slab_exterior_horizontal_insulation_depth_below_grade,Slab: Exterior Horizontal Insulation Depth Below Grade,Depth of the slab exterior horizontal insulation measured from the top surface of the slab exterior horizontal insulation. Applies to slab-on-grade foundations and basement/crawlspace floors.,Double,false,,ft,
slab_under_insulation_r,Slab: Under Slab Insulation Nominal R-value,Nominal R-value of the horizontal under slab insulation. Applies to slab-on-grade foundations and basement/crawlspace floors.,Double,true,,h-ft^2-R/Btu,0
slab_under_insulation_width,Slab: Under Slab Insulation Width,Width from slab edge inward of horizontal under-slab insulation. Enter 999 to specify that the under slab insulation spans the entire slab. Applies to slab-on-grade foundations and basement/crawlspace floors.,Double,true,,ft,0
slab_thickness,Slab: Thickness,"The thickness of the slab. Zero can be entered if there is a dirt floor instead of a slab. If not provided, the OS-HPXML default (see <a href='https://openstudio-hpxml.readthedocs.io/en/v1.10.0/workflow_inputs.html#hpxml-slabs'>HPXML Slabs</a>) is used.",Double,false,,in,
slab_carpet_fraction,Slab: Carpet Fraction,"Fraction of the slab floor area that is carpeted. If not provided, the OS-HPXML default (see <a href='https://openstudio-hpxml.readthedocs.io/en/v1.10.0/workflow_inputs.html#hpxml-slabs'>HPXML Slabs</a>) is used.",Double,false,,Frac,
slab_carpet_r,Slab: Carpet R-value,"R-value of the slab carpet. If not provided, the OS-HPXML default (see <a href='https://openstudio-hpxml.readthedocs.io/en/v1.10.0/workflow_inputs.html#hpxml-slabs'>HPXML Slabs</a>) is used.",Double,false,,h-ft^2-R/Btu,
ceiling_assembly_r,Ceiling: Assembly R-value,Assembly R-value for the ceiling (attic floor).,Double,true,,h-ft^2-R/Btu,31.6
roof_material_type,Roof: Material Type,"The material type of the roof. If not provided, the OS-HPXML default (see <a href='https://openstudio-hpxml.readthedocs.io/en/v1.10.0/workflow_inputs.html#hpxml-roofs'>HPXML Roofs</a>) is used.",Choice,false,"['asphalt or fiberglass shingles', 'concrete', 'cool roof', 'slate or tile shingles', 'expanded polystyrene sheathing', 'metal surfacing', 'plastic/rubber/synthetic sheeting', 'shingles', 'wood shingles or shakes']",,
roof_color,Roof: Color,"The color of the roof. If not provided, the OS-HPXML default (see <a href='https://openstudio-hpxml.readthedocs.io/en/v1.10.0/workflow_inputs.html#hpxml-roofs'>HPXML Roofs</a>) is used.",Choice,false,"['dark', 'light', 'medium', 'medium dark', 'reflective']",,
roof_assembly_r,Roof: Assembly R-value,Assembly R-value of the roof.,Double,true,,h-ft^2-R/Btu,2.3
radiant_barrier_attic_location,Attic: Radiant Barrier Location,The location of the radiant barrier in the attic.,Choice,false,"['none', 'Attic roof only', 'Attic roof and gable walls', 'Attic floor']",,
radiant_barrier_grade,Attic: Radiant Barrier Grade,"The grade of the radiant barrier in the attic. If not provided, the OS-HPXML default (see <a href='https://openstudio-hpxml.readthedocs.io/en/v1.10.0/workflow_inputs.html#hpxml-roofs'>HPXML Roofs</a>) is used.",Choice,false,"['1', '2', '3']",,
wall_type,Wall: Type,The type of walls.,Choice,true,"['WoodStud', 'ConcreteMasonryUnit', 'DoubleWoodStud', 'InsulatedConcreteForms', 'LogWall', 'StructuralInsulatedPanel', 'SolidConcrete', 'SteelFrame', 'Stone', 'StrawBale', 'StructuralBrick']",,WoodStud
wall_siding_type,Wall: Siding Type,"The siding type of the walls. Also applies to rim joists. If not provided, the OS-HPXML default (see <a href='https://openstudio-hpxml.readthedocs.io/en/v1.10.0/workflow_inputs.html#hpxml-walls'>HPXML Walls</a>) is used.",Choice,false,"['aluminum siding', 'asbestos siding', 'brick veneer', 'composite shingle siding', 'fiber cement siding', 'masonite siding', 'none', 'stucco', 'synthetic stucco', 'vinyl siding', 'wood siding']",,
wall_color,Wall: Color,"The color of the walls. Also applies to rim joists. If not provided, the OS-HPXML default (see <a href='https://openstudio-hpxml.readthedocs.io/en/v1.10.0/workflow_inputs.html#hpxml-walls'>HPXML Walls</a>) is used.",Choice,false,"['dark', 'light', 'medium', 'medium dark', 'reflective']",,
wall_assembly_r,Wall: Assembly R-value,Assembly R-value of the walls.,Double,true,,h-ft^2-R/Btu,11.9
window_front_wwr,Windows: Front Window-to-Wall Ratio,"The ratio of window area to wall area for the unit's front facade. Enter 0 if specifying Front Window Area instead. If the front wall is adiabatic, the value will be ignored.",Double,true,,Frac,0.18
window_back_wwr,Windows: Back Window-to-Wall Ratio,"The ratio of window area to wall area for the unit's back facade. Enter 0 if specifying Back Window Area instead. If the back wall is adiabatic, the value will be ignored.",Double,true,,Frac,0.18
window_left_wwr,Windows: Left Window-to-Wall Ratio,"The ratio of window area to wall area for the unit's left facade (when viewed from the front). Enter 0 if specifying Left Window Area instead. If the left wall is adiabatic, the value will be ignored.",Double,true,,Frac,0.18
window_right_wwr,Windows: Right Window-to-Wall Ratio,"The ratio of window area to wall area for the unit's right facade (when viewed from the front). Enter 0 if specifying Right Window Area instead. If the right wall is adiabatic, the value will be ignored.",Double,true,,Frac,0.18
window_area_front,Windows: Front Window Area,"The amount of window area on the unit's front facade. Enter 0 if specifying Front Window-to-Wall Ratio instead. If the front wall is adiabatic, the value will be ignored.",Double,true,,ft^2,0
window_area_back,Windows: Back Window Area,"The amount of window area on the unit's back facade. Enter 0 if specifying Back Window-to-Wall Ratio instead. If the back wall is adiabatic, the value will be ignored.",Double,true,,ft^2,0
window_area_left,Windows: Left Window Area,"The amount of window area on the unit's left facade (when viewed from the front). Enter 0 if specifying Left Window-to-Wall Ratio instead. If the left wall is adiabatic, the value will be ignored.",Double,true,,ft^2,0
window_area_right,Windows: Right Window Area,"The amount of window area on the unit's right facade (when viewed from the front). Enter 0 if specifying Right Window-to-Wall Ratio instead. If the right wall is adiabatic, the value will be ignored.",Double,true,,ft^2,0
window_aspect_ratio,Windows: Aspect Ratio,Ratio of window height to width.,Double,true,,Frac,1.333
window_fraction_operable,Windows: Fraction Operable,"Fraction of windows that are operable. If not provided, the OS-HPXML default (see <a href='https://openstudio-hpxml.readthedocs.io/en/v1.10.0/workflow_inputs.html#hpxml-windows'>HPXML Windows</a>) is used.",Double,false,,Frac,
window_natvent_availability,Windows: Natural Ventilation Availability,"For operable windows, the number of days/week that windows can be opened by occupants for natural ventilation. If not provided, the OS-HPXML default (see <a href='https://openstudio-hpxml.readthedocs.io/en/v1.10.0/workflow_inputs.html#hpxml-windows'>HPXML Windows</a>) is used.",Integer,false,,Days/week,
window_ufactor,Windows: U-Factor,Full-assembly NFRC U-factor.,Double,true,,Btu/hr-ft^2-R,0.37
window_shgc,Windows: SHGC,Full-assembly NFRC solar heat gain coefficient.,Double,true,,,0.3
window_interior_shading_type,Windows: Interior Shading Type,"Type of window interior shading. Summer/winter shading coefficients can be provided below instead. If neither is provided, the OS-HPXML default (see <a href='https://openstudio-hpxml.readthedocs.io/en/v1.10.0/workflow_inputs.html#hpxml-interior-shading'>HPXML Interior Shading</a>) is used.",Choice,false,"['light curtains', 'light shades', 'light blinds', 'medium curtains', 'medium shades', 'medium blinds', 'dark curtains', 'dark shades', 'dark blinds', 'none']",,
window_interior_shading_winter,Windows: Winter Interior Shading Coefficient,"Interior shading coefficient for the winter season, which if provided overrides the shading type input. 1.0 indicates no reduction in solar gain, 0.85 indicates 15% reduction, etc. If not provided, the OS-HPXML default (see <a href='https://openstudio-hpxml.readthedocs.io/en/v1.10.0/workflow_inputs.html#hpxml-interior-shading'>HPXML Interior Shading</a>) is used.",Double,false,,Frac,
window_interior_shading_summer,Windows: Summer Interior Shading Coefficient,"Interior shading coefficient for the summer season, which if provided overrides the shading type input. 1.0 indicates no reduction in solar gain, 0.85 indicates 15% reduction, etc. If not provided, the OS-HPXML default (see <a href='https://openstudio-hpxml.readthedocs.io/en/v1.10.0/workflow_inputs.html#hpxml-interior-shading'>HPXML Interior Shading</a>) is used.",Double,false,,Frac,
window_exterior_shading_type,Windows: Exterior Shading Type,"Type of window exterior shading. Summer/winter shading coefficients can be provided below instead. If neither is provided, the OS-HPXML default (see <a href='https://openstudio-hpxml.readthedocs.io/en/v1.10.0/workflow_inputs.html#hpxml-exterior-shading'>HPXML Exterior Shading</a>) is used.",Choice,false,"['solar film', 'solar screens', 'none']",,
window_exterior_shading_winter,Windows: Winter Exterior Shading Coefficient,"Exterior shading coefficient for the winter season, which if provided overrides the shading type input. 1.0 indicates no reduction in solar gain, 0.85 indicates 15% reduction, etc. If not provided, the OS-HPXML default (see <a href='https://openstudio-hpxml.readthedocs.io/en/v1.10.0/workflow_inputs.html#hpxml-exterior-shading'>HPXML Exterior Shading</a>) is used.",Double,false,,Frac,
window_exterior_shading_summer,Windows: Summer Exterior Shading Coefficient,"Exterior shading coefficient for the summer season, which if provided overrides the shading type input. 1.0 indicates no reduction in solar gain, 0.85 indicates 15% reduction, etc. If not provided, the OS-HPXML default (see <a href='https://openstudio-hpxml.readthedocs.io/en/v1.10.0/workflow_inputs.html#hpxml-exterior-shading'>HPXML Exterior Shading</a>) is used.",Double,false,,Frac,
window_shading_summer_season,Windows: Shading Summer Season,"Enter a date range like 'May 1 - Sep 30'. Defines the summer season for purposes of shading coefficients; the rest of the year is assumed to be winter. If not provided, the OS-HPXML default (see <a href='https://openstudio-hpxml.readthedocs.io/en/v1.10.0/workflow_inputs.html#hpxml-windows'>HPXML Windows</a>) is used.",String,false,,,
window_insect_screens,Windows: Insect Screens,"The type of insect screens, if present. If not provided, assumes there are no insect screens.",Choice,false,"['none', 'exterior', 'interior']",,
window_storm_type,Windows: Storm Type,"The type of storm, if present. If not provided, assumes there is no storm.",Choice,false,"['clear', 'low-e']",,
overhangs_front_depth,Overhangs: Front Depth,The depth of overhangs for windows for the front facade.,Double,true,,ft,0
overhangs_front_distance_to_top_of_window,Overhangs: Front Distance to Top of Window,The overhangs distance to the top of window for the front facade.,Double,true,,ft,0
overhangs_front_distance_to_bottom_of_window,Overhangs: Front Distance to Bottom of Window,The overhangs distance to the bottom of window for the front facade.,Double,true,,ft,4
overhangs_back_depth,Overhangs: Back Depth,The depth of overhangs for windows for the back facade.,Double,true,,ft,0
overhangs_back_distance_to_top_of_window,Overhangs: Back Distance to Top of Window,The overhangs distance to the top of window for the back facade.,Double,true,,ft,0
overhangs_back_distance_to_bottom_of_window,Overhangs: Back Distance to Bottom of Window,The overhangs distance to the bottom of window for the back facade.,Double,true,,ft,4
overhangs_left_depth,Overhangs: Left Depth,The depth of overhangs for windows for the left facade.,Double,true,,ft,0
overhangs_left_distance_to_top_of_window,Overhangs: Left Distance to Top of Window,The overhangs distance to the top of window for the left facade.,Double,true,,ft,0
overhangs_left_distance_to_bottom_of_window,Overhangs: Left Distance to Bottom of Window,The overhangs distance to the bottom of window for the left facade.,Double,true,,ft,4
overhangs_right_depth,Overhangs: Right Depth,The depth of overhangs for windows for the right facade.,Double,true,,ft,0
overhangs_right_distance_to_top_of_window,Overhangs: Right Distance to Top of Window,The overhangs distance to the top of window for the right facade.,Double,true,,ft,0
overhangs_right_distance_to_bottom_of_window,Overhangs: Right Distance to Bottom of Window,The overhangs distance to the bottom of window for the right facade.,Double,true,,ft,4
skylight_area_front,Skylights: Front Roof Area,The amount of skylight area on the unit's front conditioned roof facade.,Double,true,,ft^2,0
skylight_area_back,Skylights: Back Roof Area,The amount of skylight area on the unit's back conditioned roof facade.,Double,true,,ft^2,0
skylight_area_left,Skylights: Left Roof Area,The amount of skylight area on the unit's left conditioned roof facade (when viewed from the front).,Double,true,,ft^2,0
skylight_area_right,Skylights: Right Roof Area,The amount of skylight area on the unit's right conditioned roof facade (when viewed from the front).,Double,true,,ft^2,0
skylight_ufactor,Skylights: U-Factor,Full-assembly NFRC U-factor.,Double,true,,Btu/hr-ft^2-R,0.33
skylight_shgc,Skylights: SHGC,Full-assembly NFRC solar heat gain coefficient.,Double,true,,,0.45
skylight_storm_type,Skylights: Storm Type,"The type of storm, if present. If not provided, assumes there is no storm.",Choice,false,"['clear', 'low-e']",,
door_area,Doors: Area,The area of the opaque door(s).,Double,true,,ft^2,20
door_rvalue,Doors: R-value,R-value of the opaque door(s).,Double,true,,h-ft^2-R/Btu,4.4
air_leakage_leakiness_description,Air Leakage: Leakiness Description,"Qualitative description of infiltration. If provided, the Year Built of the home is required. Either provide this input or provide a numeric air leakage value below.",Choice,false,"['very tight', 'tight', 'average', 'leaky', 'very leaky']",,average
air_leakage_units,Air Leakage: Units,The unit of measure for the air leakage if providing a numeric air leakage value.,Choice,false,"['ACH', 'CFM', 'ACHnatural', 'CFMnatural', 'EffectiveLeakageArea']",,
air_leakage_house_pressure,Air Leakage: House Pressure,The house pressure relative to outside if providing a numeric air leakage value. Required when units are ACH or CFM.,Double,false,,Pa,
air_leakage_value,Air Leakage: Value,"Numeric air leakage value. For 'EffectiveLeakageArea', provide value in sq. in. If provided, overrides Leakiness Description input.",Double,false,,,
air_leakage_type,Air Leakage: Type,"Type of air leakage if providing a numeric air leakage value. If 'unit total', represents the total infiltration to the unit as measured by a compartmentalization test, in which case the air leakage value will be adjusted by the ratio of exterior envelope surface area to total envelope surface area. Otherwise, if 'unit exterior only', represents the infiltration to the unit from outside only as measured by a guarded test. Required when unit type is single-family attached or apartment unit.",Choice,false,"['unit total', 'unit exterior only']",,
air_leakage_has_flue_or_chimney_in_conditioned_space,Air Leakage: Has Flue or Chimney in Conditioned Space,"Presence of flue or chimney with combustion air from conditioned space; used for infiltration model. If not provided, the OS-HPXML default (see <a href='https://openstudio-hpxml.readthedocs.io/en/v1.10.0/workflow_inputs.html#flue-or-chimney'>Flue or Chimney</a>) is used.",Boolean,false,"['true', 'false']",,
heating_system_type,Heating System: Type,The type of heating system. Use 'none' if there is no heating system or if there is a heat pump serving a heating load.,Choice,true,"['none', 'Furnace', 'WallFurnace', 'FloorFurnace', 'Boiler', 'ElectricResistance', 'Stove', 'SpaceHeater', 'Fireplace', 'Shared Boiler w/ Baseboard', 'Shared Boiler w/ Ductless Fan Coil']",,Furnace
heating_system_fuel,Heating System: Fuel Type,The fuel type of the heating system. Ignored for ElectricResistance.,Choice,true,"['electricity', 'natural gas', 'fuel oil', 'propane', 'wood', 'wood pellets', 'coal']",,natural gas
heating_system_heating_efficiency,Heating System: Rated AFUE or Percent,The rated heating efficiency value of the heating system.,Double,true,,Frac,0.78
heating_system_heating_capacity,Heating System: Heating Capacity,"The output heating capacity of the heating system. If not provided, the OS-HPXML autosized default (see <a href='https://openstudio-hpxml.readthedocs.io/en/v1.10.0/workflow_inputs.html#hpxml-heating-systems'>HPXML Heating Systems</a>) is used.",Double,false,,Btu/hr,
heating_system_heating_autosizing_factor,Heating System: Heating Autosizing Factor,"The capacity scaling factor applied to the auto-sizing methodology. If not provided, 1.0 is used.",Double,false,,,
heating_system_heating_autosizing_limit,Heating System: Heating Autosizing Limit,"The maximum capacity limit applied to the auto-sizing methodology. If not provided, no limit is used.",Double,false,,Btu/hr,
heating_system_fraction_heat_load_served,Heating System: Fraction Heat Load Served,The heating load served by the heating system.,Double,true,,Frac,1
heating_system_pilot_light,Heating System: Pilot Light,"The fuel usage of the pilot light. Applies only to Furnace, WallFurnace, FloorFurnace, Stove, Boiler, and Fireplace with non-electric fuel type. If not provided, assumes no pilot light.",Double,false,,Btuh,
heating_system_airflow_defect_ratio,Heating System: Airflow Defect Ratio,"The airflow defect ratio, defined as (InstalledAirflow - DesignAirflow) / DesignAirflow, of the heating system per ANSI/RESNET/ACCA Standard 310. A value of zero means no airflow defect. Applies only to Furnace. If not provided, assumes no defect.",Double,false,,Frac,
cooling_system_type,Cooling System: Type,The type of cooling system. Use 'none' if there is no cooling system or if there is a heat pump serving a cooling load.,Choice,true,"['none', 'central air conditioner', 'room air conditioner', 'evaporative cooler', 'mini-split', 'packaged terminal air conditioner']",,central air conditioner
cooling_system_cooling_efficiency_type,Cooling System: Efficiency Type,The efficiency type of the cooling system. System types central air conditioner and mini-split use SEER or SEER2. System types room air conditioner and packaged terminal air conditioner use EER or CEER. Ignored for system type evaporative cooler.,Choice,true,"['SEER', 'SEER2', 'EER', 'CEER']",,SEER
cooling_system_cooling_efficiency,Cooling System: Efficiency,The rated efficiency value of the cooling system. Ignored for evaporative cooler.,Double,true,,,13
cooling_system_cooling_compressor_type,Cooling System: Cooling Compressor Type,The compressor type of the cooling system. Only applies to central air conditioner and mini-split.,Choice,false,"['single stage', 'two stage', 'variable speed']",,
cooling_system_cooling_sensible_heat_fraction,Cooling System: Cooling Sensible Heat Fraction,"The sensible heat fraction of the cooling system. Ignored for evaporative cooler. If not provided, the OS-HPXML default (see <a href='https://openstudio-hpxml.readthedocs.io/en/v1.10.0/workflow_inputs.html#central-air-conditioner'>Central Air Conditioner</a>, <a href='https://openstudio-hpxml.readthedocs.io/en/v1.10.0/workflow_inputs.html#room-air-conditioner'>Room Air Conditioner</a>, <a href='https://openstudio-hpxml.readthedocs.io/en/v1.10.0/workflow_inputs.html#packaged-terminal-air-conditioner'>Packaged Terminal Air Conditioner</a>, <a href='https://openstudio-hpxml.readthedocs.io/en/v1.10.0/workflow_inputs.html#mini-split-air-conditioner'>Mini-Split Air Conditioner</a>) is used.",Double,false,,Frac,
cooling_system_cooling_capacity,Cooling System: Cooling Capacity,"The output cooling capacity of the cooling system. If not provided, the OS-HPXML autosized default (see <a href='https://openstudio-hpxml.readthedocs.io/en/v1.10.0/workflow_inputs.html#central-air-conditioner'>Central Air Conditioner</a>, <a href='https://openstudio-hpxml.readthedocs.io/en/v1.10.0/workflow_inputs.html#room-air-conditioner'>Room Air Conditioner</a>, <a href='https://openstudio-hpxml.readthedocs.io/en/v1.10.0/workflow_inputs.html#packaged-terminal-air-conditioner'>Packaged Terminal Air Conditioner</a>, <a href='https://openstudio-hpxml.readthedocs.io/en/v1.10.0/workflow_inputs.html#evaporative-cooler'>Evaporative Cooler</a>, <a href='https://openstudio-hpxml.readthedocs.io/en/v1.10.0/workflow_inputs.html#mini-split-air-conditioner'>Mini-Split Air Conditioner</a>) is used.",Double,false,,Btu/hr,
cooling_system_cooling_autosizing_factor,Cooling System: Cooling Autosizing Factor,"The capacity scaling factor applied to the auto-sizing methodology. If not provided, 1.0 is used.",Double,false,,,
cooling_system_cooling_autosizing_limit,Cooling System: Cooling Autosizing Limit,"The maximum capacity limit applied to the auto-sizing methodology. If not provided, no limit is used.",Double,false,,Btu/hr,
cooling_system_fraction_cool_load_served,Cooling System: Fraction Cool Load Served,The cooling load served by the cooling system.,Double,true,,Frac,1
cooling_system_is_ducted,Cooling System: Is Ducted,"Whether the cooling system is ducted or not. Only used for mini-split and evaporative cooler. It's assumed that central air conditioner is ducted, and room air conditioner and packaged terminal air conditioner are not ducted.",Boolean,false,"['true', 'false']",,false
cooling_system_airflow_defect_ratio,Cooling System: Airflow Defect Ratio,"The airflow defect ratio, defined as (InstalledAirflow - DesignAirflow) / DesignAirflow, of the cooling system per ANSI/RESNET/ACCA Standard 310. A value of zero means no airflow defect. Applies only to central air conditioner and ducted mini-split. If not provided, assumes no defect.",Double,false,,Frac,
cooling_system_charge_defect_ratio,Cooling System: Charge Defect Ratio,"The refrigerant charge defect ratio, defined as (InstalledCharge - DesignCharge) / DesignCharge, of the cooling system per ANSI/RESNET/ACCA Standard 310. A value of zero means no refrigerant charge defect. Applies only to central air conditioner and mini-split. If not provided, assumes no defect.",Double,false,,Frac,
cooling_system_crankcase_heater_watts,Cooling System: Crankcase Heater Power Watts,"Cooling system crankcase heater power consumption in Watts. Applies only to central air conditioner, room air conditioner, packaged terminal air conditioner and mini-split. If not provided, the OS-HPXML default (see <a href='https://openstudio-hpxml.readthedocs.io/en/v1.10.0/workflow_inputs.html#central-air-conditioner'>Central Air Conditioner</a>, <a href='https://openstudio-hpxml.readthedocs.io/en/v1.10.0/workflow_inputs.html#room-air-conditioner'>Room Air Conditioner</a>, <a href='https://openstudio-hpxml.readthedocs.io/en/v1.10.0/workflow_inputs.html#packaged-terminal-air-conditioner'>Packaged Terminal Air Conditioner</a>, <a href='https://openstudio-hpxml.readthedocs.io/en/v1.10.0/workflow_inputs.html#mini-split-air-conditioner'>Mini-Split Air Conditioner</a>) is used.",Double,false,,W,
cooling_system_integrated_heating_system_fuel,Cooling System: Integrated Heating System Fuel Type,The fuel type of the heating system integrated into cooling system. Only used for packaged terminal air conditioner and room air conditioner.,Choice,false,"['electricity', 'natural gas', 'fuel oil', 'propane', 'wood', 'wood pellets', 'coal']",,
cooling_system_integrated_heating_system_efficiency_percent,Cooling System: Integrated Heating System Efficiency,The rated heating efficiency value of the heating system integrated into cooling system. Only used for packaged terminal air conditioner and room air conditioner.,Double,false,,Frac,
cooling_system_integrated_heating_system_capacity,Cooling System: Integrated Heating System Heating Capacity,"The output heating capacity of the heating system integrated into cooling system. If not provided, the OS-HPXML autosized default (see <a href='https://openstudio-hpxml.readthedocs.io/en/v1.10.0/workflow_inputs.html#room-air-conditioner'>Room Air Conditioner</a>, <a href='https://openstudio-hpxml.readthedocs.io/en/v1.10.0/workflow_inputs.html#packaged-terminal-air-conditioner'>Packaged Terminal Air Conditioner</a>) is used. Only used for room air conditioner and packaged terminal air conditioner.",Double,false,,Btu/hr,
cooling_system_integrated_heating_system_fraction_heat_load_served,Cooling System: Integrated Heating System Fraction Heat Load Served,The heating load served by the heating system integrated into cooling system. Only used for packaged terminal air conditioner and room air conditioner.,Double,false,,Frac,
heat_pump_type,Heat Pump: Type,The type of heat pump. Use 'none' if there is no heat pump.,Choice,true,"['none', 'air-to-air', 'mini-split', 'ground-to-air', 'packaged terminal heat pump', 'room air conditioner with reverse cycle']",,none
heat_pump_heating_efficiency_type,Heat Pump: Heating Efficiency Type,"The heating efficiency type of heat pump. System types air-to-air and mini-split use HSPF or HSPF2. System types ground-to-air, packaged terminal heat pump and room air conditioner with reverse cycle use COP.",Choice,true,"['HSPF', 'HSPF2', 'COP']",,HSPF
heat_pump_heating_efficiency,Heat Pump: Heating Efficiency,The rated heating efficiency value of the heat pump.,Double,true,,,7.7
heat_pump_cooling_efficiency_type,Heat Pump: Cooling Efficiency Type,"The cooling efficiency type of heat pump. System types air-to-air and mini-split use SEER or SEER2. System types ground-to-air, packaged terminal heat pump and room air conditioner with reverse cycle use EER.",Choice,true,"['SEER', 'SEER2', 'EER', 'CEER']",,SEER
heat_pump_cooling_efficiency,Heat Pump: Cooling Efficiency,The rated cooling efficiency value of the heat pump.,Double,true,,,13
heat_pump_cooling_compressor_type,Heat Pump: Cooling Compressor Type,"The compressor type of the heat pump. Only applies to air-to-air, mini-split and ground-to-air.",Choice,false,"['single stage', 'two stage', 'variable speed']",,
heat_pump_cooling_sensible_heat_fraction,Heat Pump: Cooling Sensible Heat Fraction,"The sensible heat fraction of the heat pump. If not provided, the OS-HPXML default (see <a href='https://openstudio-hpxml.readthedocs.io/en/v1.10.0/workflow_inputs.html#air-to-air-heat-pump'>Air-to-Air Heat Pump</a>, <a href='https://openstudio-hpxml.readthedocs.io/en/v1.10.0/workflow_inputs.html#mini-split-heat-pump'>Mini-Split Heat Pump</a>, <a href='https://openstudio-hpxml.readthedocs.io/en/v1.10.0/workflow_inputs.html#packaged-terminal-heat-pump'>Packaged Terminal Heat Pump</a>, <a href='https://openstudio-hpxml.readthedocs.io/en/v1.10.0/workflow_inputs.html#room-air-conditioner-w-reverse-cycle'>Room Air Conditioner w/ Reverse Cycle</a>, <a href='https://openstudio-hpxml.readthedocs.io/en/v1.10.0/workflow_inputs.html#ground-to-air-heat-pump'>Ground-to-Air Heat Pump</a>) is used.",Double,false,,Frac,
heat_pump_heating_capacity,Heat Pump: Heating Capacity,"The output heating capacity of the heat pump. If not provided, the OS-HPXML autosized default (see <a href='https://openstudio-hpxml.readthedocs.io/en/v1.10.0/workflow_inputs.html#air-to-air-heat-pump'>Air-to-Air Heat Pump</a>, <a href='https://openstudio-hpxml.readthedocs.io/en/v1.10.0/workflow_inputs.html#mini-split-heat-pump'>Mini-Split Heat Pump</a>, <a href='https://openstudio-hpxml.readthedocs.io/en/v1.10.0/workflow_inputs.html#packaged-terminal-heat-pump'>Packaged Terminal Heat Pump</a>, <a href='https://openstudio-hpxml.readthedocs.io/en/v1.10.0/workflow_inputs.html#room-air-conditioner-w-reverse-cycle'>Room Air Conditioner w/ Reverse Cycle</a>, <a href='https://openstudio-hpxml.readthedocs.io/en/v1.10.0/workflow_inputs.html#ground-to-air-heat-pump'>Ground-to-Air Heat Pump</a>) is used.",Double,false,,Btu/hr,
heat_pump_heating_autosizing_factor,Heat Pump: Heating Autosizing Factor,"The capacity scaling factor applied to the auto-sizing methodology. If not provided, 1.0 is used.",Double,false,,,
heat_pump_heating_autosizing_limit,Heat Pump: Heating Autosizing Limit,"The maximum capacity limit applied to the auto-sizing methodology. If not provided, no limit is used.",Double,false,,Btu/hr,
heat_pump_heating_capacity_retention_fraction,Heat Pump: Heating Capacity Retention Fraction,"The output heating capacity of the heat pump at a user-specified temperature (e.g., 17F or 5F) divided by the above nominal heating capacity. Applies to all heat pump types except ground-to-air. If not provided, the OS-HPXML default (see <a href='https://openstudio-hpxml.readthedocs.io/en/v1.10.0/workflow_inputs.html#air-to-air-heat-pump'>Air-to-Air Heat Pump</a>, <a href='https://openstudio-hpxml.readthedocs.io/en/v1.10.0/workflow_inputs.html#mini-split-heat-pump'>Mini-Split Heat Pump</a>, <a href='https://openstudio-hpxml.readthedocs.io/en/v1.10.0/workflow_inputs.html#packaged-terminal-heat-pump'>Packaged Terminal Heat Pump</a>, <a href='https://openstudio-hpxml.readthedocs.io/en/v1.10.0/workflow_inputs.html#room-air-conditioner-w-reverse-cycle'>Room Air Conditioner w/ Reverse Cycle</a>) is used.",Double,false,,Frac,
heat_pump_heating_capacity_retention_temp,Heat Pump: Heating Capacity Retention Temperature,"The user-specified temperature (e.g., 17F or 5F) for the above heating capacity retention fraction. Applies to all heat pump types except ground-to-air. Required if the Heating Capacity Retention Fraction is provided.",Double,false,,F,
heat_pump_cooling_capacity,Heat Pump: Cooling Capacity,"The output cooling capacity of the heat pump. If not provided, the OS-HPXML autosized default (see <a href='https://openstudio-hpxml.readthedocs.io/en/v1.10.0/workflow_inputs.html#air-to-air-heat-pump'>Air-to-Air Heat Pump</a>, <a href='https://openstudio-hpxml.readthedocs.io/en/v1.10.0/workflow_inputs.html#mini-split-heat-pump'>Mini-Split Heat Pump</a>, <a href='https://openstudio-hpxml.readthedocs.io/en/v1.10.0/workflow_inputs.html#packaged-terminal-heat-pump'>Packaged Terminal Heat Pump</a>, <a href='https://openstudio-hpxml.readthedocs.io/en/v1.10.0/workflow_inputs.html#room-air-conditioner-w-reverse-cycle'>Room Air Conditioner w/ Reverse Cycle</a>, <a href='https://openstudio-hpxml.readthedocs.io/en/v1.10.0/workflow_inputs.html#ground-to-air-heat-pump'>Ground-to-Air Heat Pump</a>) is used.",Double,false,,Btu/hr,
heat_pump_cooling_autosizing_factor,Heat Pump: Cooling Autosizing Factor,"The capacity scaling factor applied to the auto-sizing methodology. If not provided, 1.0 is used.",Double,false,,,
heat_pump_cooling_autosizing_limit,Heat Pump: Cooling Autosizing Limit,"The maximum capacity limit applied to the auto-sizing methodology. If not provided, no limit is used.",Double,false,,Btu/hr,
heat_pump_fraction_heat_load_served,Heat Pump: Fraction Heat Load Served,The heating load served by the heat pump.,Double,true,,Frac,1
heat_pump_fraction_cool_load_served,Heat Pump: Fraction Cool Load Served,The cooling load served by the heat pump.,Double,true,,Frac,1
heat_pump_compressor_lockout_temp,Heat Pump: Compressor Lockout Temperature,"The temperature below which the heat pump compressor is disabled. If both this and Backup Heating Lockout Temperature are provided and use the same value, it essentially defines a switchover temperature (for, e.g., a dual-fuel heat pump). Applies to all heat pump types other than ground-to-air. If not provided, the OS-HPXML default (see <a href='https://openstudio-hpxml.readthedocs.io/en/v1.10.0/workflow_inputs.html#air-to-air-heat-pump'>Air-to-Air Heat Pump</a>, <a href='https://openstudio-hpxml.readthedocs.io/en/v1.10.0/workflow_inputs.html#mini-split-heat-pump'>Mini-Split Heat Pump</a>, <a href='https://openstudio-hpxml.readthedocs.io/en/v1.10.0/workflow_inputs.html#packaged-terminal-heat-pump'>Packaged Terminal Heat Pump</a>, <a href='https://openstudio-hpxml.readthedocs.io/en/v1.10.0/workflow_inputs.html#room-air-conditioner-w-reverse-cycle'>Room Air Conditioner w/ Reverse Cycle</a>) is used.",Double,false,,F,
heat_pump_backup_type,Heat Pump: Backup Type,"The backup type of the heat pump. If 'integrated', represents e.g. built-in electric strip heat or dual-fuel integrated furnace. If 'separate', represents e.g. electric baseboard or boiler based on the Heating System 2 specified below. Use 'none' if there is no backup heating.",Choice,true,"['none', 'integrated', 'separate']",,integrated
heat_pump_backup_heating_autosizing_factor,Heat Pump: Backup Heating Autosizing Factor,"The capacity scaling factor applied to the auto-sizing methodology if Backup Type is 'integrated'. If not provided, 1.0 is used. If Backup Type is 'separate', use Heating System 2: Heating Autosizing Factor.",Double,false,,,
heat_pump_backup_heating_autosizing_limit,Heat Pump: Backup Heating Autosizing Limit,"The maximum capacity limit applied to the auto-sizing methodology if Backup Type is 'integrated'. If not provided, no limit is used. If Backup Type is 'separate', use Heating System 2: Heating Autosizing Limit.",Double,false,,Btu/hr,
heat_pump_backup_fuel,Heat Pump: Backup Fuel Type,The backup fuel type of the heat pump. Only applies if Backup Type is 'integrated'.,Choice,true,"['electricity', 'natural gas', 'fuel oil', 'propane']",,electricity
heat_pump_backup_heating_efficiency,Heat Pump: Backup Rated Efficiency,The backup rated efficiency value of the heat pump. Percent for electricity fuel type. AFUE otherwise. Only applies if Backup Type is 'integrated'.,Double,true,,,1
heat_pump_backup_heating_capacity,Heat Pump: Backup Heating Capacity,"The backup output heating capacity of the heat pump. If not provided, the OS-HPXML autosized default (see <a href='https://openstudio-hpxml.readthedocs.io/en/v1.10.0/workflow_inputs.html#backup'>Backup</a>) is used. Only applies if Backup Type is 'integrated'.",Double,false,,Btu/hr,
heat_pump_backup_heating_lockout_temp,Heat Pump: Backup Heating Lockout Temperature,"The temperature above which the heat pump backup system is disabled. If both this and Compressor Lockout Temperature are provided and use the same value, it essentially defines a switchover temperature (for, e.g., a dual-fuel heat pump). Applies for both Backup Type of 'integrated' and 'separate'. If not provided, the OS-HPXML default (see <a href='https://openstudio-hpxml.readthedocs.io/en/v1.10.0/workflow_inputs.html#backup'>Backup</a>) is used.",Double,false,,F,
heat_pump_sizing_methodology,Heat Pump: Sizing Methodology,"The auto-sizing methodology to use when the heat pump capacity is not provided. If not provided, the OS-HPXML default (see <a href='https://openstudio-hpxml.readthedocs.io/en/v1.10.0/workflow_inputs.html#hpxml-hvac-sizing-control'>HPXML HVAC Sizing Control</a>) is used.",Choice,false,"['ACCA', 'HERS', 'MaxLoad']",,
heat_pump_backup_sizing_methodology,Heat Pump: Backup Sizing Methodology,"The auto-sizing methodology to use when the heat pump backup capacity is not provided. If not provided, the OS-HPXML default (see <a href='https://openstudio-hpxml.readthedocs.io/en/v1.10.0/workflow_inputs.html#hpxml-hvac-sizing-control'>HPXML HVAC Sizing Control</a>) is used.",Choice,false,"['emergency', 'supplemental']",,
heat_pump_is_ducted,Heat Pump: Is Ducted,"Whether the heat pump is ducted or not. Only used for mini-split. It's assumed that air-to-air and ground-to-air are ducted, and packaged terminal heat pump and room air conditioner with reverse cycle are not ducted. If not provided, assumes not ducted.",Boolean,false,"['true', 'false']",,
heat_pump_airflow_defect_ratio,Heat Pump: Airflow Defect Ratio,"The airflow defect ratio, defined as (InstalledAirflow - DesignAirflow) / DesignAirflow, of the heat pump per ANSI/RESNET/ACCA Standard 310. A value of zero means no airflow defect. Applies only to air-to-air, ducted mini-split, and ground-to-air. If not provided, assumes no defect.",Double,false,,Frac,
heat_pump_charge_defect_ratio,Heat Pump: Charge Defect Ratio,"The refrigerant charge defect ratio, defined as (InstalledCharge - DesignCharge) / DesignCharge, of the heat pump per ANSI/RESNET/ACCA Standard 310. A value of zero means no refrigerant charge defect. Applies to all heat pump types. If not provided, assumes no defect.",Double,false,,Frac,
heat_pump_crankcase_heater_watts,Heat Pump: Crankcase Heater Power Watts,"Heat Pump crankcase heater power consumption in Watts. Applies only to air-to-air, mini-split, packaged terminal heat pump and room air conditioner with reverse cycle. If not provided, the OS-HPXML default (see <a href='https://openstudio-hpxml.readthedocs.io/en/v1.10.0/workflow_inputs.html#air-to-air-heat-pump'>Air-to-Air Heat Pump</a>, <a href='https://openstudio-hpxml.readthedocs.io/en/v1.10.0/workflow_inputs.html#mini-split-heat-pump'>Mini-Split Heat Pump</a>, <a href='https://openstudio-hpxml.readthedocs.io/en/v1.10.0/workflow_inputs.html#packaged-terminal-heat-pump'>Packaged Terminal Heat Pump</a>, <a href='https://openstudio-hpxml.readthedocs.io/en/v1.10.0/workflow_inputs.html#room-air-conditioner-w-reverse-cycle'>Room Air Conditioner w/ Reverse Cycle</a>) is used.",Double,false,,W,
hvac_perf_data_capacity_type,HVAC Detailed Performance Data: Capacity Type,"Type of capacity values for detailed performance data if available. Applies only to variable-speed air-source HVAC systems (central air conditioners, mini-split air conditioners, air-to-air heat pumps, and mini-split heat pumps).",Choice,false,"['Absolute capacities', 'Normalized capacity fractions']",Absolute capacities,
hvac_perf_data_heating_outdoor_temperatures,HVAC Detailed Performance Data: Heating Outdoor Temperatures,"Outdoor temperatures of heating detailed performance data if available. Applies only to variable-speed air-source HVAC systems (central air conditioners, mini-split air conditioners, air-to-air heat pumps, and mini-split heat pumps). One of the outdoor temperatures must be 47 F. At least two performance data points are required using a comma-separated list.",String,false,,F,
hvac_perf_data_heating_min_speed_capacities,HVAC Detailed Performance Data: Heating Minimum Speed Capacities,"Minimum speed capacities of heating detailed performance data if available. Applies only to variable-speed air-source HVAC systems (central air conditioners, mini-split air conditioners, air-to-air heat pumps, and mini-split heat pumps). At least two performance data points are required using a comma-separated list.",String,false,,Btu/hr or Frac,
hvac_perf_data_heating_max_speed_capacities,HVAC Detailed Performance Data: Heating Maximum Speed Capacities,"Maximum speed capacities of heating detailed performance data if available. Applies only to variable-speed air-source HVAC systems (central air conditioners, mini-split air conditioners, air-to-air heat pumps, and mini-split heat pumps). At least two performance data points are required using a comma-separated list.",String,false,,Btu/hr or Frac,
hvac_perf_data_heating_min_speed_cops,HVAC Detailed Performance Data: Heating Minimum Speed COPs,"Minimum speed efficiency COP values of heating detailed performance data if available. Applies only to variable-speed air-source HVAC systems (central air conditioners, mini-split air conditioners, air-to-air heat pumps, and mini-split heat pumps). At least two performance data points are required using a comma-separated list.",String,false,,W/W,
hvac_perf_data_heating_max_speed_cops,HVAC Detailed Performance Data: Heating Maximum Speed COPs,"Maximum speed efficiency COP values of heating detailed performance data if available. Applies only to variable-speed air-source HVAC systems (central air conditioners, mini-split air conditioners, air-to-air heat pumps, and mini-split heat pumps). At least two performance data points are required using a comma-separated list.",String,false,,W/W,
hvac_perf_data_cooling_outdoor_temperatures,HVAC Detailed Performance Data: Cooling Outdoor Temperatures,"Outdoor temperatures of cooling detailed performance data if available. Applies only to variable-speed air-source HVAC systems (central air conditioners, mini-split air conditioners, air-to-air heat pumps, and mini-split heat pumps). One of the outdoor temperatures must be 95 F. At least two performance data points are required using a comma-separated list.",String,false,,F,
hvac_perf_data_cooling_min_speed_capacities,HVAC Detailed Performance Data: Cooling Minimum Speed Capacities,"Minimum speed capacities of cooling detailed performance data if available. Applies only to variable-speed air-source HVAC systems (central air conditioners, mini-split air conditioners, air-to-air heat pumps, and mini-split heat pumps). At least two performance data points are required using a comma-separated list.",String,false,,Btu/hr or Frac,
hvac_perf_data_cooling_max_speed_capacities,HVAC Detailed Performance Data: Cooling Maximum Speed Capacities,"Maximum speed capacities of cooling detailed performance data if available. Applies only to variable-speed air-source HVAC systems (central air conditioners, mini-split air conditioners, air-to-air heat pumps, and mini-split heat pumps). At least two performance data points are required using a comma-separated list.",String,false,,Btu/hr or Frac,
hvac_perf_data_cooling_min_speed_cops,HVAC Detailed Performance Data: Cooling Minimum Speed COPs,"Minimum speed efficiency COP values of cooling detailed performance data if available. Applies only to variable-speed air-source HVAC systems (central air conditioners, mini-split air conditioners, air-to-air heat pumps, and mini-split heat pumps). At least two performance data points are required using a comma-separated list.",String,false,,W/W,
hvac_perf_data_cooling_max_speed_cops,HVAC Detailed Performance Data: Cooling Maximum Speed COPs,"Maximum speed efficiency COP values of cooling detailed performance data if available. Applies only to variable-speed air-source HVAC systems (central air conditioners, mini-split air conditioners, air-to-air heat pumps, and mini-split heat pumps). At least two performance data points are required using a comma-separated list.",String,false,,W/W,
geothermal_loop_configuration,Geothermal Loop: Configuration,"Configuration of the geothermal loop. Only applies to ground-to-air heat pump type. If not provided, the OS-HPXML default (see <a href='https://openstudio-hpxml.readthedocs.io/en/v1.10.0/workflow_inputs.html#ground-to-air-heat-pump'>Ground-to-Air Heat Pump</a>) is used.",Choice,false,"['none', 'vertical']",,
geothermal_loop_borefield_configuration,Geothermal Loop: Borefield Configuration,"Borefield configuration of the geothermal loop. Only applies to ground-to-air heat pump type. If not provided, the OS-HPXML default (see <a href='https://openstudio-hpxml.readthedocs.io/en/v1.10.0/workflow_inputs.html#hpxml-geothermal-loops'>HPXML Geothermal Loops</a>) is used.",Choice,false,"['Rectangle', 'Open Rectangle', 'C', 'L', 'U', 'Lopsided U']",,
geothermal_loop_loop_flow,Geothermal Loop: Loop Flow,"Water flow rate through the geothermal loop. Only applies to ground-to-air heat pump type. If not provided, the OS-HPXML autosized default (see <a href='https://openstudio-hpxml.readthedocs.io/en/v1.10.0/workflow_inputs.html#hpxml-geothermal-loops'>HPXML Geothermal Loops</a>) is used.",Double,false,,gpm,
geothermal_loop_boreholes_count,Geothermal Loop: Boreholes Count,"Number of boreholes. Only applies to ground-to-air heat pump type. If not provided, the OS-HPXML autosized default (see <a href='https://openstudio-hpxml.readthedocs.io/en/v1.10.0/workflow_inputs.html#hpxml-geothermal-loops'>HPXML Geothermal Loops</a>) is used.",Integer,false,,#,
geothermal_loop_boreholes_length,Geothermal Loop: Boreholes Length,"Average length of each borehole (vertical). Only applies to ground-to-air heat pump type. If not provided, the OS-HPXML autosized default (see <a href='https://openstudio-hpxml.readthedocs.io/en/v1.10.0/workflow_inputs.html#hpxml-geothermal-loops'>HPXML Geothermal Loops</a>) is used.",Double,false,,ft,
geothermal_loop_boreholes_spacing,Geothermal Loop: Boreholes Spacing,"Distance between bores. Only applies to ground-to-air heat pump type. If not provided, the OS-HPXML default (see <a href='https://openstudio-hpxml.readthedocs.io/en/v1.10.0/workflow_inputs.html#hpxml-geothermal-loops'>HPXML Geothermal Loops</a>) is used.",Double,false,,ft,
geothermal_loop_boreholes_diameter,Geothermal Loop: Boreholes Diameter,"Diameter of bores. Only applies to ground-to-air heat pump type. If not provided, the OS-HPXML default (see <a href='https://openstudio-hpxml.readthedocs.io/en/v1.10.0/workflow_inputs.html#hpxml-geothermal-loops'>HPXML Geothermal Loops</a>) is used.",Double,false,,in,
geothermal_loop_grout_type,Geothermal Loop: Grout Type,"Grout type of the geothermal loop. Only applies to ground-to-air heat pump type. If not provided, the OS-HPXML default (see <a href='https://openstudio-hpxml.readthedocs.io/en/v1.10.0/workflow_inputs.html#hpxml-geothermal-loops'>HPXML Geothermal Loops</a>) is used.",Choice,false,"['standard', 'thermally enhanced']",,
geothermal_loop_pipe_type,Geothermal Loop: Pipe Type,"Pipe type of the geothermal loop. Only applies to ground-to-air heat pump type. If not provided, the OS-HPXML default (see <a href='https://openstudio-hpxml.readthedocs.io/en/v1.10.0/workflow_inputs.html#hpxml-geothermal-loops'>HPXML Geothermal Loops</a>) is used.",Choice,false,"['standard', 'thermally enhanced']",,
geothermal_loop_pipe_diameter,Geothermal Loop: Pipe Diameter,"Pipe diameter of the geothermal loop. Only applies to ground-to-air heat pump type. If not provided, the OS-HPXML default (see <a href='https://openstudio-hpxml.readthedocs.io/en/v1.10.0/workflow_inputs.html#hpxml-geothermal-loops'>HPXML Geothermal Loops</a>) is used.",Choice,false,"['3/4"" pipe', '1"" pipe', '1-1/4"" pipe']",in,
heating_system_2_type,Heating System 2: Type,"The type of the second heating system. If a heat pump is specified and the backup type is 'separate', this heating system represents 'separate' backup heating. For ducted heat pumps where the backup heating system is a 'Furnace', the backup would typically be characterized as 'integrated' in that the furnace and heat pump share the same distribution system and blower fan; a 'Furnace' as 'separate' backup to a ducted heat pump is not supported.",Choice,true,"['none', 'Furnace', 'WallFurnace', 'FloorFurnace', 'Boiler', 'ElectricResistance', 'Stove', 'SpaceHeater', 'Fireplace']",,none
heating_system_2_fuel,Heating System 2: Fuel Type,The fuel type of the second heating system. Ignored for ElectricResistance.,Choice,true,"['electricity', 'natural gas', 'fuel oil', 'propane', 'wood', 'wood pellets', 'coal']",,electricity
heating_system_2_heating_efficiency,Heating System 2: Rated AFUE or Percent,The rated heating efficiency value of the second heating system.,Double,true,,Frac,1
heating_system_2_heating_capacity,Heating System 2: Heating Capacity,"The output heating capacity of the second heating system. If not provided, the OS-HPXML autosized default (see <a href='https://openstudio-hpxml.readthedocs.io/en/v1.10.0/workflow_inputs.html#hpxml-heating-systems'>HPXML Heating Systems</a>) is used.",Double,false,,Btu/hr,
heating_system_2_heating_autosizing_factor,Heating System 2: Heating Autosizing Factor,"The capacity scaling factor applied to the auto-sizing methodology. If not provided, 1.0 is used.",Double,false,,,
heating_system_2_heating_autosizing_limit,Heating System 2: Heating Autosizing Limit,"The maximum capacity limit applied to the auto-sizing methodology. If not provided, no limit is used.",Double,false,,Btu/hr,
heating_system_2_fraction_heat_load_served,Heating System 2: Fraction Heat Load Served,The heat load served fraction of the second heating system. Ignored if this heating system serves as a backup system for a heat pump.,Double,true,,Frac,0.25
hvac_control_heating_weekday_setpoint,HVAC Control: Heating Weekday Setpoint Schedule,Specify the constant or 24-hour comma-separated weekday heating setpoint schedule. Required unless a detailed CSV schedule is provided.,String,false,,F,
hvac_control_heating_weekend_setpoint,HVAC Control: Heating Weekend Setpoint Schedule,Specify the constant or 24-hour comma-separated weekend heating setpoint schedule. Required unless a detailed CSV schedule is provided.,String,false,,F,
hvac_control_cooling_weekday_setpoint,HVAC Control: Cooling Weekday Setpoint Schedule,Specify the constant or 24-hour comma-separated weekday cooling setpoint schedule. Required unless a detailed CSV schedule is provided.,String,false,,F,
hvac_control_cooling_weekend_setpoint,HVAC Control: Cooling Weekend Setpoint Schedule,Specify the constant or 24-hour comma-separated weekend cooling setpoint schedule. Required unless a detailed CSV schedule is provided.,String,false,,F,
hvac_control_heating_season_period,HVAC Control: Heating Season Period,"Enter a date range like 'Nov 1 - Jun 30'. If not provided, the OS-HPXML default (see <a href='https://openstudio-hpxml.readthedocs.io/en/v1.10.0/workflow_inputs.html#hpxml-hvac-control'>HPXML HVAC Control</a>) is used. Can also provide 'BuildingAmerica' to use automatic seasons from the Building America House Simulation Protocols.",String,false,,,
hvac_control_cooling_season_period,HVAC Control: Cooling Season Period,"Enter a date range like 'Jun 1 - Oct 31'. If not provided, the OS-HPXML default (see <a href='https://openstudio-hpxml.readthedocs.io/en/v1.10.0/workflow_inputs.html#hpxml-hvac-control'>HPXML HVAC Control</a>) is used. Can also provide 'BuildingAmerica' to use automatic seasons from the Building America House Simulation Protocols.",String,false,,,
hvac_blower_fan_watts_per_cfm,HVAC Blower: Fan Efficiency,"The blower fan efficiency at maximum fan speed. Applies only to split (not packaged) systems (i.e., applies to ducted systems as well as ductless mini-split systems). If not provided, the OS-HPXML default (see <a href='https://openstudio-hpxml.readthedocs.io/en/v1.10.0/workflow_inputs.html#hpxml-heating-systems'>HPXML Heating Systems</a>, <a href='https://openstudio-hpxml.readthedocs.io/en/v1.10.0/workflow_inputs.html#hpxml-cooling-systems'>HPXML Cooling Systems</a>, <a href='https://openstudio-hpxml.readthedocs.io/en/v1.10.0/workflow_inputs.html#hpxml-heat-pumps'>HPXML Heat Pumps</a>) is used.",Double,false,,W/CFM,
ducts_leakage_units,Ducts: Leakage Units,The leakage units of the ducts.,Choice,true,"['CFM25', 'CFM50', 'Percent']",,Percent
ducts_supply_leakage_to_outside_value,Ducts: Supply Leakage to Outside Value,The leakage value to outside for the supply ducts.,Double,true,,,0.1
ducts_supply_location,Ducts: Supply Location,"The location of the supply ducts. If not provided, the OS-HPXML default (see <a href='https://openstudio-hpxml.readthedocs.io/en/v1.10.0/workflow_inputs.html#air-distribution'>Air Distribution</a>) is used.",Choice,false,"['conditioned space', 'basement - conditioned', 'basement - unconditioned', 'crawlspace', 'crawlspace - vented', 'crawlspace - unvented', 'crawlspace - conditioned', 'attic', 'attic - vented', 'attic - unvented', 'garage', 'exterior wall', 'under slab', 'roof deck', 'outside', 'other housing unit', 'other heated space', 'other multifamily buffer space', 'other non-freezing space', 'manufactured home belly']",,
ducts_supply_insulation_r,Ducts: Supply Insulation R-Value,The nominal insulation r-value of the supply ducts excluding air films. Use 0 for uninsulated ducts.,Double,true,,h-ft^2-R/Btu,0
ducts_supply_buried_insulation_level,Ducts: Supply Buried Insulation Level,"Whether the supply ducts are buried in, e.g., attic loose-fill insulation. Partially buried ducts have insulation that does not cover the top of the ducts. Fully buried ducts have insulation that just covers the top of the ducts. Deeply buried ducts have insulation that continues above the top of the ducts.",Choice,false,"['not buried', 'partially buried', 'fully buried', 'deeply buried']",,
ducts_supply_surface_area,Ducts: Supply Surface Area,"The supply ducts surface area in the given location. If neither Surface Area nor Area Fraction provided, the OS-HPXML default (see <a href='https://openstudio-hpxml.readthedocs.io/en/v1.10.0/workflow_inputs.html#air-distribution'>Air Distribution</a>) is used.",Double,false,,ft^2,
ducts_supply_surface_area_fraction,Ducts: Supply Area Fraction,"The fraction of supply ducts surface area in the given location. Only used if Surface Area is not provided. If the fraction is less than 1, the remaining duct area is assumed to be in conditioned space. If neither Surface Area nor Area Fraction provided, the OS-HPXML default (see <a href='https://openstudio-hpxml.readthedocs.io/en/v1.10.0/workflow_inputs.html#air-distribution'>Air Distribution</a>) is used.",Double,false,,frac,
ducts_supply_fraction_rectangular,Ducts: Supply Fraction Rectangular,"The fraction of supply ducts that are rectangular (as opposed to round); this affects the duct effective R-value used for modeling. If not provided, the OS-HPXML default (see <a href='https://openstudio-hpxml.readthedocs.io/en/v1.10.0/workflow_inputs.html#air-distribution'>Air Distribution</a>) is used.",Double,false,,frac,
ducts_return_leakage_to_outside_value,Ducts: Return Leakage to Outside Value,The leakage value to outside for the return ducts.,Double,true,,,0.1
ducts_return_location,Ducts: Return Location,"The location of the return ducts. If not provided, the OS-HPXML default (see <a href='https://openstudio-hpxml.readthedocs.io/en/v1.10.0/workflow_inputs.html#air-distribution'>Air Distribution</a>) is used.",Choice,false,"['conditioned space', 'basement - conditioned', 'basement - unconditioned', 'crawlspace', 'crawlspace - vented', 'crawlspace - unvented', 'crawlspace - conditioned', 'attic', 'attic - vented', 'attic - unvented', 'garage', 'exterior wall', 'under slab', 'roof deck', 'outside', 'other housing unit', 'other heated space', 'other multifamily buffer space', 'other non-freezing space', 'manufactured home belly']",,
ducts_return_insulation_r,Ducts: Return Insulation R-Value,The nominal insulation r-value of the return ducts excluding air films. Use 0 for uninsulated ducts.,Double,true,,h-ft^2-R/Btu,0
ducts_return_buried_insulation_level,Ducts: Return Buried Insulation Level,"Whether the return ducts are buried in, e.g., attic loose-fill insulation. Partially buried ducts have insulation that does not cover the top of the ducts. Fully buried ducts have insulation that just covers the top of the ducts. Deeply buried ducts have insulation that continues above the top of the ducts.",Choice,false,"['not buried', 'partially buried', 'fully buried', 'deeply buried']",,
ducts_return_surface_area,Ducts: Return Surface Area,"The return ducts surface area in the given location. If neither Surface Area nor Area Fraction provided, the OS-HPXML default (see <a href='https://openstudio-hpxml.readthedocs.io/en/v1.10.0/workflow_inputs.html#air-distribution'>Air Distribution</a>) is used.",Double,false,,ft^2,
ducts_return_surface_area_fraction,Ducts: Return Area Fraction,"The fraction of return ducts surface area in the given location. Only used if Surface Area is not provided. If the fraction is less than 1, the remaining duct area is assumed to be in conditioned space. If neither Surface Area nor Area Fraction provided, the OS-HPXML default (see <a href='https://openstudio-hpxml.readthedocs.io/en/v1.10.0/workflow_inputs.html#air-distribution'>Air Distribution</a>) is used.",Double,false,,frac,
ducts_number_of_return_registers,Ducts: Number of Return Registers,"The number of return registers of the ducts. Only used to calculate default return duct surface area. If not provided, the OS-HPXML default (see <a href='https://openstudio-hpxml.readthedocs.io/en/v1.10.0/workflow_inputs.html#air-distribution'>Air Distribution</a>) is used.",Integer,false,,#,
ducts_return_fraction_rectangular,Ducts: Return Fraction Rectangular,"The fraction of return ducts that are rectangular (as opposed to round); this affects the duct effective R-value used for modeling. If not provided, the OS-HPXML default (see <a href='https://openstudio-hpxml.readthedocs.io/en/v1.10.0/workflow_inputs.html#air-distribution'>Air Distribution</a>) is used.",Double,false,,frac,
mech_vent_fan_type,Mechanical Ventilation: Fan Type,The type of the mechanical ventilation. Use 'none' if there is no mechanical ventilation system.,Choice,true,"['none', 'exhaust only', 'supply only', 'energy recovery ventilator', 'heat recovery ventilator', 'balanced', 'central fan integrated supply']",,none
mech_vent_flow_rate,Mechanical Ventilation: Flow Rate,"The flow rate of the mechanical ventilation. If not provided, the OS-HPXML default (see <a href='https://openstudio-hpxml.readthedocs.io/en/v1.10.0/workflow_inputs.html#hpxml-mechanical-ventilation-fans'>HPXML Mechanical Ventilation Fans</a>) is used.",Double,false,,CFM,
mech_vent_hours_in_operation,Mechanical Ventilation: Hours In Operation,"The hours in operation of the mechanical ventilation. If not provided, the OS-HPXML default (see <a href='https://openstudio-hpxml.readthedocs.io/en/v1.10.0/workflow_inputs.html#hpxml-mechanical-ventilation-fans'>HPXML Mechanical Ventilation Fans</a>) is used.",Double,false,,hrs/day,
mech_vent_recovery_efficiency_type,Mechanical Ventilation: Total Recovery Efficiency Type,The total recovery efficiency type of the mechanical ventilation.,Choice,true,"['Unadjusted', 'Adjusted']",,Unadjusted
mech_vent_total_recovery_efficiency,Mechanical Ventilation: Total Recovery Efficiency,The Unadjusted or Adjusted total recovery efficiency of the mechanical ventilation. Applies to energy recovery ventilator.,Double,true,,Frac,0.48
mech_vent_sensible_recovery_efficiency,Mechanical Ventilation: Sensible Recovery Efficiency,The Unadjusted or Adjusted sensible recovery efficiency of the mechanical ventilation. Applies to energy recovery ventilator and heat recovery ventilator.,Double,true,,Frac,0.72
mech_vent_fan_power,Mechanical Ventilation: Fan Power,"The fan power of the mechanical ventilation. If not provided, the OS-HPXML default (see <a href='https://openstudio-hpxml.readthedocs.io/en/v1.10.0/workflow_inputs.html#hpxml-mechanical-ventilation-fans'>HPXML Mechanical Ventilation Fans</a>) is used.",Double,false,,W,
mech_vent_num_units_served,Mechanical Ventilation: Number of Units Served,Number of dwelling units served by the mechanical ventilation system. Must be 1 if single-family detached. Used to apportion flow rate and fan power to the unit.,Integer,true,,#,1
mech_vent_shared_frac_recirculation,Shared Mechanical Ventilation: Fraction Recirculation,"Fraction of the total supply air that is recirculated, with the remainder assumed to be outdoor air. The value must be 0 for exhaust only systems. Required for a shared mechanical ventilation system.",Double,false,,Frac,
mech_vent_shared_preheating_fuel,Shared Mechanical Ventilation: Preheating Fuel,"Fuel type of the preconditioning heating equipment. Only used for a shared mechanical ventilation system. If not provided, assumes no preheating.",Choice,false,"['electricity', 'natural gas', 'fuel oil', 'propane', 'wood', 'wood pellets', 'coal']",,
mech_vent_shared_preheating_efficiency,Shared Mechanical Ventilation: Preheating Efficiency,"Efficiency of the preconditioning heating equipment. Only used for a shared mechanical ventilation system. If not provided, assumes no preheating.",Double,false,,COP,
mech_vent_shared_preheating_fraction_heat_load_served,Shared Mechanical Ventilation: Preheating Fraction Ventilation Heat Load Served,"Fraction of heating load introduced by the shared ventilation system that is met by the preconditioning heating equipment. If not provided, assumes no preheating.",Double,false,,Frac,
mech_vent_shared_precooling_fuel,Shared Mechanical Ventilation: Precooling Fuel,"Fuel type of the preconditioning cooling equipment. Only used for a shared mechanical ventilation system. If not provided, assumes no precooling.",Choice,false,['electricity'],,
mech_vent_shared_precooling_efficiency,Shared Mechanical Ventilation: Precooling Efficiency,"Efficiency of the preconditioning cooling equipment. Only used for a shared mechanical ventilation system. If not provided, assumes no precooling.",Double,false,,COP,
mech_vent_shared_precooling_fraction_cool_load_served,Shared Mechanical Ventilation: Precooling Fraction Ventilation Cool Load Served,"Fraction of cooling load introduced by the shared ventilation system that is met by the preconditioning cooling equipment. If not provided, assumes no precooling.",Double,false,,Frac,
mech_vent_2_fan_type,Mechanical Ventilation 2: Fan Type,The type of the second mechanical ventilation. Use 'none' if there is no second mechanical ventilation system.,Choice,true,"['none', 'exhaust only', 'supply only', 'energy recovery ventilator', 'heat recovery ventilator', 'balanced']",,none
mech_vent_2_flow_rate,Mechanical Ventilation 2: Flow Rate,The flow rate of the second mechanical ventilation.,Double,true,,CFM,110
mech_vent_2_hours_in_operation,Mechanical Ventilation 2: Hours In Operation,The hours in operation of the second mechanical ventilation.,Double,true,,hrs/day,24
mech_vent_2_recovery_efficiency_type,Mechanical Ventilation 2: Total Recovery Efficiency Type,The total recovery efficiency type of the second mechanical ventilation.,Choice,true,"['Unadjusted', 'Adjusted']",,Unadjusted
mech_vent_2_total_recovery_efficiency,Mechanical Ventilation 2: Total Recovery Efficiency,The Unadjusted or Adjusted total recovery efficiency of the second mechanical ventilation. Applies to energy recovery ventilator.,Double,true,,Frac,0.48
mech_vent_2_sensible_recovery_efficiency,Mechanical Ventilation 2: Sensible Recovery Efficiency,The Unadjusted or Adjusted sensible recovery efficiency of the second mechanical ventilation. Applies to energy recovery ventilator and heat recovery ventilator.,Double,true,,Frac,0.72
mech_vent_2_fan_power,Mechanical Ventilation 2: Fan Power,The fan power of the second mechanical ventilation.,Double,true,,W,30
kitchen_fans_quantity,Kitchen Fans: Quantity,"The quantity of the kitchen fans. If not provided, the OS-HPXML default (see <a href='https://openstudio-hpxml.readthedocs.io/en/v1.10.0/workflow_inputs.html#hpxml-local-ventilation-fans'>HPXML Local Ventilation Fans</a>) is used.",Integer,false,,#,
kitchen_fans_flow_rate,Kitchen Fans: Flow Rate,"The flow rate of the kitchen fan. If not provided, the OS-HPXML default (see <a href='https://openstudio-hpxml.readthedocs.io/en/v1.10.0/workflow_inputs.html#hpxml-local-ventilation-fans'>HPXML Local Ventilation Fans</a>) is used.",Double,false,,CFM,
kitchen_fans_hours_in_operation,Kitchen Fans: Hours In Operation,"The hours in operation of the kitchen fan. If not provided, the OS-HPXML default (see <a href='https://openstudio-hpxml.readthedocs.io/en/v1.10.0/workflow_inputs.html#hpxml-local-ventilation-fans'>HPXML Local Ventilation Fans</a>) is used.",Double,false,,hrs/day,
kitchen_fans_power,Kitchen Fans: Fan Power,"The fan power of the kitchen fan. If not provided, the OS-HPXML default (see <a href='https://openstudio-hpxml.readthedocs.io/en/v1.10.0/workflow_inputs.html#hpxml-local-ventilation-fans'>HPXML Local Ventilation Fans</a>) is used.",Double,false,,W,
kitchen_fans_start_hour,Kitchen Fans: Start Hour,"The start hour of the kitchen fan. If not provided, the OS-HPXML default (see <a href='https://openstudio-hpxml.readthedocs.io/en/v1.10.0/workflow_inputs.html#hpxml-local-ventilation-fans'>HPXML Local Ventilation Fans</a>) is used.",Integer,false,,hr,
bathroom_fans_quantity,Bathroom Fans: Quantity,"The quantity of the bathroom fans. If not provided, the OS-HPXML default (see <a href='https://openstudio-hpxml.readthedocs.io/en/v1.10.0/workflow_inputs.html#hpxml-local-ventilation-fans'>HPXML Local Ventilation Fans</a>) is used.",Integer,false,,#,
bathroom_fans_flow_rate,Bathroom Fans: Flow Rate,"The flow rate of the bathroom fans. If not provided, the OS-HPXML default (see <a href='https://openstudio-hpxml.readthedocs.io/en/v1.10.0/workflow_inputs.html#hpxml-local-ventilation-fans'>HPXML Local Ventilation Fans</a>) is used.",Double,false,,CFM,
bathroom_fans_hours_in_operation,Bathroom Fans: Hours In Operation,"The hours in operation of the bathroom fans. If not provided, the OS-HPXML default (see <a href='https://openstudio-hpxml.readthedocs.io/en/v1.10.0/workflow_inputs.html#hpxml-local-ventilation-fans'>HPXML Local Ventilation Fans</a>) is used.",Double,false,,hrs/day,
bathroom_fans_power,Bathroom Fans: Fan Power,"The fan power of the bathroom fans. If not provided, the OS-HPXML default (see <a href='https://openstudio-hpxml.readthedocs.io/en/v1.10.0/workflow_inputs.html#hpxml-local-ventilation-fans'>HPXML Local Ventilation Fans</a>) is used.",Double,false,,W,
bathroom_fans_start_hour,Bathroom Fans: Start Hour,"The start hour of the bathroom fans. If not provided, the OS-HPXML default (see <a href='https://openstudio-hpxml.readthedocs.io/en/v1.10.0/workflow_inputs.html#hpxml-local-ventilation-fans'>HPXML Local Ventilation Fans</a>) is used.",Integer,false,,hr,
whole_house_fan_present,Whole House Fan: Present,Whether there is a whole house fan.,Boolean,true,"['true', 'false']",,false
whole_house_fan_flow_rate,Whole House Fan: Flow Rate,"The flow rate of the whole house fan. If not provided, the OS-HPXML default (see <a href='https://openstudio-hpxml.readthedocs.io/en/v1.10.0/workflow_inputs.html#hpxml-whole-house-fans'>HPXML Whole House Fans</a>) is used.",Double,false,,CFM,
whole_house_fan_power,Whole House Fan: Fan Power,"The fan power of the whole house fan. If not provided, the OS-HPXML default (see <a href='https://openstudio-hpxml.readthedocs.io/en/v1.10.0/workflow_inputs.html#hpxml-whole-house-fans'>HPXML Whole House Fans</a>) is used.",Double,false,,W,
water_heater_type,Water Heater: Type,The type of water heater. Use 'none' if there is no water heater.,Choice,true,"['none', 'storage water heater', 'instantaneous water heater', 'heat pump water heater', 'space-heating boiler with storage tank', 'space-heating boiler with tankless coil']",,storage water heater
water_heater_fuel_type,Water Heater: Fuel Type,The fuel type of water heater. Ignored for heat pump water heater.,Choice,true,"['electricity', 'natural gas', 'fuel oil', 'propane', 'wood', 'coal']",,natural gas
water_heater_location,Water Heater: Location,"The location of water heater. If not provided, the OS-HPXML default (see <a href='https://openstudio-hpxml.readthedocs.io/en/v1.10.0/workflow_inputs.html#hpxml-water-heating-systems'>HPXML Water Heating Systems</a>) is used.",Choice,false,"['conditioned space', 'basement - conditioned', 'basement - unconditioned', 'garage', 'attic', 'attic - vented', 'attic - unvented', 'crawlspace', 'crawlspace - vented', 'crawlspace - unvented', 'crawlspace - conditioned', 'other exterior', 'other housing unit', 'other heated space', 'other multifamily buffer space', 'other non-freezing space']",,
water_heater_tank_volume,Water Heater: Tank Volume,"Nominal volume of water heater tank. If not provided, the OS-HPXML default (see <a href='https://openstudio-hpxml.readthedocs.io/en/v1.10.0/workflow_inputs.html#conventional-storage'>Conventional Storage</a>, <a href='https://openstudio-hpxml.readthedocs.io/en/v1.10.0/workflow_inputs.html#heat-pump'>Heat Pump</a>, <a href='https://openstudio-hpxml.readthedocs.io/en/v1.10.0/workflow_inputs.html#combi-boiler-w-storage'>Combi Boiler w/ Storage</a>) is used.",Double,false,,gal,
water_heater_efficiency_type,Water Heater: Efficiency Type,The efficiency type of water heater. Does not apply to space-heating boilers.,Choice,true,"['EnergyFactor', 'UniformEnergyFactor']",,EnergyFactor
water_heater_efficiency,Water Heater: Efficiency,Rated Energy Factor or Uniform Energy Factor. Does not apply to space-heating boilers.,Double,true,,,0.67
water_heater_usage_bin,Water Heater: Usage Bin,"The usage of the water heater. Only applies if Efficiency Type is UniformEnergyFactor and Type is not instantaneous water heater. Does not apply to space-heating boilers. If not provided, the OS-HPXML default (see <a href='https://openstudio-hpxml.readthedocs.io/en/v1.10.0/workflow_inputs.html#conventional-storage'>Conventional Storage</a>, <a href='https://openstudio-hpxml.readthedocs.io/en/v1.10.0/workflow_inputs.html#heat-pump'>Heat Pump</a>) is used.",Choice,false,"['very small', 'low', 'medium', 'high']",,
water_heater_recovery_efficiency,Water Heater: Recovery Efficiency,"Ratio of energy delivered to water heater to the energy content of the fuel consumed by the water heater. Only used for non-electric storage water heaters. If not provided, the OS-HPXML default (see <a href='https://openstudio-hpxml.readthedocs.io/en/v1.10.0/workflow_inputs.html#conventional-storage'>Conventional Storage</a>) is used.",Double,false,,Frac,
water_heater_heating_capacity,Water Heater: Heating Capacity,"Heating capacity. Only applies to storage water heater and heat pump water heater (compressor). If not provided, the OS-HPXML default (see <a href='https://openstudio-hpxml.readthedocs.io/en/v1.10.0/workflow_inputs.html#conventional-storage'>Conventional Storage</a>, <a href='https://openstudio-hpxml.readthedocs.io/en/v1.10.0/workflow_inputs.html#heat-pump'>Heat Pump</a>) is used.",Double,false,,Btu/hr,
water_heater_backup_heating_capacity,Water Heater: Backup Heating Capacity,"Backup heating capacity for a heat pump water heater. If not provided, the OS-HPXML default (see <a href='https://openstudio-hpxml.readthedocs.io/en/v1.10.0/workflow_inputs.html#heat-pump'>Heat Pump</a>) is used.",Double,false,,Btu/hr,
water_heater_standby_loss,Water Heater: Standby Loss,"The standby loss of water heater. Only applies to space-heating boilers. If not provided, the OS-HPXML default (see <a href='https://openstudio-hpxml.readthedocs.io/en/v1.10.0/workflow_inputs.html#combi-boiler-w-storage'>Combi Boiler w/ Storage</a>) is used.",Double,false,,F/hr,
water_heater_jacket_rvalue,Water Heater: Jacket R-value,"The jacket R-value of water heater. Doesn't apply to instantaneous water heater or space-heating boiler with tankless coil. If not provided, defaults to no jacket insulation.",Double,false,,h-ft^2-R/Btu,
water_heater_setpoint_temperature,Water Heater: Setpoint Temperature,"The setpoint temperature of water heater. If not provided, the OS-HPXML default (see <a href='https://openstudio-hpxml.readthedocs.io/en/v1.10.0/workflow_inputs.html#hpxml-water-heating-systems'>HPXML Water Heating Systems</a>) is used.",Double,false,,F,
water_heater_num_bedrooms_served,Water Heater: Number of Bedrooms Served,Number of bedrooms served (directly or indirectly) by the water heater. Only needed if single-family attached or apartment unit and it is a shared water heater serving multiple dwelling units. Used to apportion water heater tank losses to the unit.,Integer,false,,#,
water_heater_uses_desuperheater,Water Heater: Uses Desuperheater,"Requires that the dwelling unit has a air-to-air, mini-split, or ground-to-air heat pump or a central air conditioner or mini-split air conditioner. If not provided, assumes no desuperheater.",Boolean,false,"['true', 'false']",,
water_heater_tank_model_type,Water Heater: Tank Type,"Type of tank model to use. The 'stratified' tank generally provide more accurate results, but may significantly increase run time. Applies only to storage water heater. If not provided, the OS-HPXML default (see <a href='https://openstudio-hpxml.readthedocs.io/en/v1.10.0/workflow_inputs.html#conventional-storage'>Conventional Storage</a>) is used.",Choice,false,"['mixed', 'stratified']",,
water_heater_operating_mode,Water Heater: Operating Mode,"The water heater operating mode. The 'heat pump only' option only uses the heat pump, while 'hybrid/auto' allows the backup electric resistance to come on in high demand situations. This is ignored if a scheduled operating mode type is selected. Applies only to heat pump water heater. If not provided, the OS-HPXML default (see <a href='https://openstudio-hpxml.readthedocs.io/en/v1.10.0/workflow_inputs.html#heat-pump'>Heat Pump</a>) is used.",Choice,false,"['hybrid/auto', 'heat pump only']",,
hot_water_distribution_system_type,Hot Water Distribution: System Type,The type of the hot water distribution system.,Choice,true,"['Standard', 'Recirculation']",,Standard
hot_water_distribution_standard_piping_length,Hot Water Distribution: Standard Piping Length,"If the distribution system is Standard, the length of the piping. If not provided, the OS-HPXML default (see <a href='https://openstudio-hpxml.readthedocs.io/en/v1.10.0/workflow_inputs.html#standard'>Standard</a>) is used.",Double,false,,ft,
hot_water_distribution_recirc_control_type,Hot Water Distribution: Recirculation Control Type,"If the distribution system is Recirculation, the type of hot water recirculation control, if any.",Choice,false,"['no control', 'timer', 'temperature', 'presence sensor demand control', 'manual demand control']",,no control
hot_water_distribution_recirc_piping_length,Hot Water Distribution: Recirculation Piping Length,"If the distribution system is Recirculation, the length of the recirculation piping. If not provided, the OS-HPXML default (see <a href='https://openstudio-hpxml.readthedocs.io/en/v1.10.0/workflow_inputs.html#recirculation-in-unit'>Recirculation (In-Unit)</a>) is used.",Double,false,,ft,
hot_water_distribution_recirc_branch_piping_length,Hot Water Distribution: Recirculation Branch Piping Length,"If the distribution system is Recirculation, the length of the recirculation branch piping. If not provided, the OS-HPXML default (see <a href='https://openstudio-hpxml.readthedocs.io/en/v1.10.0/workflow_inputs.html#recirculation-in-unit'>Recirculation (In-Unit)</a>) is used.",Double,false,,ft,
hot_water_distribution_recirc_pump_power,Hot Water Distribution: Recirculation Pump Power,"If the distribution system is Recirculation, the recirculation pump power. If not provided, the OS-HPXML default (see <a href='https://openstudio-hpxml.readthedocs.io/en/v1.10.0/workflow_inputs.html#recirculation-in-unit'>Recirculation (In-Unit)</a>) is used.",Double,false,,W,
hot_water_distribution_pipe_r,Hot Water Distribution: Pipe Insulation Nominal R-Value,"Nominal R-value of the pipe insulation. If not provided, the OS-HPXML default (see <a href='https://openstudio-hpxml.readthedocs.io/en/v1.10.0/workflow_inputs.html#hpxml-hot-water-distribution'>HPXML Hot Water Distribution</a>) is used.",Double,false,,h-ft^2-R/Btu,
dwhr_facilities_connected,Drain Water Heat Recovery: Facilities Connected,Which facilities are connected for the drain water heat recovery. Use 'none' if there is no drain water heat recovery system.,Choice,true,"['none', 'one', 'all']",,none
dwhr_equal_flow,Drain Water Heat Recovery: Equal Flow,Whether the drain water heat recovery has equal flow.,Boolean,false,"['true', 'false']",,true
dwhr_efficiency,Drain Water Heat Recovery: Efficiency,The efficiency of the drain water heat recovery.,Double,false,,Frac,0.55
water_fixtures_shower_low_flow,Hot Water Fixtures: Is Shower Low Flow,Whether the shower fixture is low flow.,Boolean,true,"['true', 'false']",,false
water_fixtures_sink_low_flow,Hot Water Fixtures: Is Sink Low Flow,Whether the sink fixture is low flow.,Boolean,true,"['true', 'false']",,false
water_fixtures_usage_multiplier,Hot Water Fixtures: Usage Multiplier,"Multiplier on the hot water usage that can reflect, e.g., high/low usage occupants. If not provided, the OS-HPXML default (see <a href='https://openstudio-hpxml.readthedocs.io/en/v1.10.0/workflow_inputs.html#hpxml-water-fixtures'>HPXML Water Fixtures</a>) is used.",Double,false,,,
general_water_use_usage_multiplier,General Water Use: Usage Multiplier,"Multiplier on internal gains from general water use (floor mopping, shower evaporation, water films on showers, tubs & sinks surfaces, plant watering, etc.) that can reflect, e.g., high/low usage occupants. If not provided, the OS-HPXML default (see <a href='https://openstudio-hpxml.readthedocs.io/en/v1.10.0/workflow_inputs.html#hpxml-building-occupancy'>HPXML Building Occupancy</a>) is used.",Double,false,,,
solar_thermal_system_type,Solar Thermal: System Type,The type of solar thermal system. Use 'none' if there is no solar thermal system.,Choice,true,"['none', 'hot water']",,none
solar_thermal_collector_area,Solar Thermal: Collector Area,The collector area of the solar thermal system.,Double,true,,ft^2,40
solar_thermal_collector_loop_type,Solar Thermal: Collector Loop Type,The collector loop type of the solar thermal system.,Choice,true,"['liquid direct', 'liquid indirect', 'passive thermosyphon']",,liquid direct
solar_thermal_collector_type,Solar Thermal: Collector Type,The collector type of the solar thermal system.,Choice,true,"['evacuated tube', 'single glazing black', 'double glazing black', 'integrated collector storage']",,evacuated tube
solar_thermal_collector_azimuth,Solar Thermal: Collector Azimuth,"The collector azimuth of the solar thermal system. Azimuth is measured clockwise from north (e.g., North=0, East=90, South=180, West=270).",Double,true,,degrees,180
solar_thermal_collector_tilt,Solar Thermal: Collector Tilt,"The collector tilt of the solar thermal system. Can also enter, e.g., RoofPitch, RoofPitch+20, Latitude, Latitude-15, etc.",String,true,,degrees,RoofPitch
solar_thermal_collector_rated_optical_efficiency,Solar Thermal: Collector Rated Optical Efficiency,The collector rated optical efficiency of the solar thermal system.,Double,true,,Frac,0.5
solar_thermal_collector_rated_thermal_losses,Solar Thermal: Collector Rated Thermal Losses,The collector rated thermal losses of the solar thermal system.,Double,true,,Btu/hr-ft^2-R,0.2799
solar_thermal_storage_volume,Solar Thermal: Storage Volume,"The storage volume of the solar thermal system. If not provided, the OS-HPXML default (see <a href='https://openstudio-hpxml.readthedocs.io/en/v1.10.0/workflow_inputs.html#detailed-inputs'>Detailed Inputs</a>) is used.",Double,false,,gal,
solar_thermal_solar_fraction,Solar Thermal: Solar Fraction,"The solar fraction of the solar thermal system. If provided, overrides all other solar thermal inputs.",Double,true,,Frac,0
pv_system_present,PV System: Present,Whether there is a PV system present.,Boolean,true,"['true', 'false']",,false
pv_system_module_type,PV System: Module Type,"Module type of the PV system. If not provided, the OS-HPXML default (see <a href='https://openstudio-hpxml.readthedocs.io/en/v1.10.0/workflow_inputs.html#hpxml-photovoltaics'>HPXML Photovoltaics</a>) is used.",Choice,false,"['standard', 'premium', 'thin film']",,
pv_system_location,PV System: Location,"Location of the PV system. If not provided, the OS-HPXML default (see <a href='https://openstudio-hpxml.readthedocs.io/en/v1.10.0/workflow_inputs.html#hpxml-photovoltaics'>HPXML Photovoltaics</a>) is used.",Choice,false,"['roof', 'ground']",,
pv_system_tracking,PV System: Tracking,"Type of tracking for the PV system. If not provided, the OS-HPXML default (see <a href='https://openstudio-hpxml.readthedocs.io/en/v1.10.0/workflow_inputs.html#hpxml-photovoltaics'>HPXML Photovoltaics</a>) is used.",Choice,false,"['fixed', '1-axis', '1-axis backtracked', '2-axis']",,
pv_system_array_azimuth,PV System: Array Azimuth,"Array azimuth of the PV system. Azimuth is measured clockwise from north (e.g., North=0, East=90, South=180, West=270).",Double,true,,degrees,180
pv_system_array_tilt,PV System: Array Tilt,"Array tilt of the PV system. Can also enter, e.g., RoofPitch, RoofPitch+20, Latitude, Latitude-15, etc.",String,true,,degrees,RoofPitch
pv_system_max_power_output,PV System: Maximum Power Output,"Maximum power output of the PV system. For a shared system, this is the total building maximum power output.",Double,true,,W,4000
pv_system_inverter_efficiency,PV System: Inverter Efficiency,"Inverter efficiency of the PV system. If there are two PV systems, this will apply to both. If not provided, the OS-HPXML default (see <a href='https://openstudio-hpxml.readthedocs.io/en/v1.10.0/workflow_inputs.html#hpxml-photovoltaics'>HPXML Photovoltaics</a>) is used.",Double,false,,Frac,
pv_system_system_losses_fraction,PV System: System Losses Fraction,"System losses fraction of the PV system. If there are two PV systems, this will apply to both. If not provided, the OS-HPXML default (see <a href='https://openstudio-hpxml.readthedocs.io/en/v1.10.0/workflow_inputs.html#hpxml-photovoltaics'>HPXML Photovoltaics</a>) is used.",Double,false,,Frac,
pv_system_num_bedrooms_served,PV System: Number of Bedrooms Served,"Number of bedrooms served by PV system. Only needed if single-family attached or apartment unit and it is a shared PV system serving multiple dwelling units. Used to apportion PV generation to the unit of a SFA/MF building. If there are two PV systems, this will apply to both.",Integer,false,,#,
pv_system_2_present,PV System 2: Present,Whether there is a second PV system present.,Boolean,true,"['true', 'false']",,false
pv_system_2_module_type,PV System 2: Module Type,"Module type of the second PV system. If not provided, the OS-HPXML default (see <a href='https://openstudio-hpxml.readthedocs.io/en/v1.10.0/workflow_inputs.html#hpxml-photovoltaics'>HPXML Photovoltaics</a>) is used.",Choice,false,"['standard', 'premium', 'thin film']",,
pv_system_2_location,PV System 2: Location,"Location of the second PV system. If not provided, the OS-HPXML default (see <a href='https://openstudio-hpxml.readthedocs.io/en/v1.10.0/workflow_inputs.html#hpxml-photovoltaics'>HPXML Photovoltaics</a>) is used.",Choice,false,"['roof', 'ground']",,
pv_system_2_tracking,PV System 2: Tracking,"Type of tracking for the second PV system. If not provided, the OS-HPXML default (see <a href='https://openstudio-hpxml.readthedocs.io/en/v1.10.0/workflow_inputs.html#hpxml-photovoltaics'>HPXML Photovoltaics</a>) is used.",Choice,false,"['fixed', '1-axis', '1-axis backtracked', '2-axis']",,
pv_system_2_array_azimuth,PV System 2: Array Azimuth,"Array azimuth of the second PV system. Azimuth is measured clockwise from north (e.g., North=0, East=90, South=180, West=270).",Double,true,,degrees,180
pv_system_2_array_tilt,PV System 2: Array Tilt,"Array tilt of the second PV system. Can also enter, e.g., RoofPitch, RoofPitch+20, Latitude, Latitude-15, etc.",String,true,,degrees,RoofPitch
pv_system_2_max_power_output,PV System 2: Maximum Power Output,"Maximum power output of the second PV system. For a shared system, this is the total building maximum power output.",Double,true,,W,4000
battery_present,Battery: Present,Whether there is a lithium ion battery present.,Boolean,true,"['true', 'false']",,false
battery_location,Battery: Location,"The space type for the lithium ion battery location. If not provided, the OS-HPXML default (see <a href='https://openstudio-hpxml.readthedocs.io/en/v1.10.0/workflow_inputs.html#hpxml-batteries'>HPXML Batteries</a>) is used.",Choice,false,"['conditioned space', 'basement - conditioned', 'basement - unconditioned', 'crawlspace', 'crawlspace - vented', 'crawlspace - unvented', 'crawlspace - conditioned', 'attic', 'attic - vented', 'attic - unvented', 'garage', 'outside']",,
battery_power,Battery: Rated Power Output,"The rated power output of the lithium ion battery. If not provided, the OS-HPXML default (see <a href='https://openstudio-hpxml.readthedocs.io/en/v1.10.0/workflow_inputs.html#hpxml-batteries'>HPXML Batteries</a>) is used.",Double,false,,W,
battery_capacity,Battery: Nominal Capacity,"The nominal capacity of the lithium ion battery. If not provided, the OS-HPXML default (see <a href='https://openstudio-hpxml.readthedocs.io/en/v1.10.0/workflow_inputs.html#hpxml-batteries'>HPXML Batteries</a>) is used.",Double,false,,kWh,
battery_usable_capacity,Battery: Usable Capacity,"The usable capacity of the lithium ion battery. If not provided, the OS-HPXML default (see <a href='https://openstudio-hpxml.readthedocs.io/en/v1.10.0/workflow_inputs.html#hpxml-batteries'>HPXML Batteries</a>) is used.",Double,false,,kWh,
battery_round_trip_efficiency,Battery: Round Trip Efficiency,"The round trip efficiency of the lithium ion battery. If not provided, the OS-HPXML default (see <a href='https://openstudio-hpxml.readthedocs.io/en/v1.10.0/workflow_inputs.html#hpxml-batteries'>HPXML Batteries</a>) is used.",Double,false,,Frac,
battery_num_bedrooms_served,Battery: Number of Bedrooms Served,Number of bedrooms served by the lithium ion battery. Only needed if single-family attached or apartment unit and it is a shared battery serving multiple dwelling units. Used to apportion battery charging/discharging to the unit of a SFA/MF building.,Integer,false,,#,
vehicle_type,Vehicle: Type,The type of vehicle present at the home.,String,false,,,none
vehicle_battery_capacity,Vehicle: EV Battery Nominal Battery Capacity,"The nominal capacity of the vehicle battery, only applies to electric vehicles. If not provided, the OS-HPXML default (see <a href='https://openstudio-hpxml.readthedocs.io/en/v1.10.0/workflow_inputs.html#hpxml-vehicles'>HPXML Vehicles</a>) is used.",Double,false,,kWh,
vehicle_battery_usable_capacity,Vehicle: EV Battery Usable Capacity,"The usable capacity of the vehicle battery, only applies to electric vehicles. If not provided, the OS-HPXML default (see <a href='https://openstudio-hpxml.readthedocs.io/en/v1.10.0/workflow_inputs.html#hpxml-vehicles'>HPXML Vehicles</a>) is used.",Double,false,,kWh,
vehicle_fuel_economy_units,Vehicle: Combined Fuel Economy Units,"The combined fuel economy units of the vehicle. Only 'kWh/mile', 'mile/kWh', or 'mpge' are allow for electric vehicles. If not provided, the OS-HPXML default (see <a href='https://openstudio-hpxml.readthedocs.io/en/v1.10.0/workflow_inputs.html#hpxml-vehicles'>HPXML Vehicles</a>) is used.",Choice,false,"['kWh/mile', 'mile/kWh', 'mpge', 'mpg']",,
vehicle_fuel_economy_combined,Vehicle: Combined Fuel Economy,"The combined fuel economy of the vehicle. If not provided, the OS-HPXML default (see <a href='https://openstudio-hpxml.readthedocs.io/en/v1.10.0/workflow_inputs.html#hpxml-vehicles'>HPXML Vehicles</a>) is used.",Double,false,,,
vehicle_miles_driven_per_year,Vehicle: Miles Driven Per Year,"The annual miles the vehicle is driven. If not provided, the OS-HPXML default (see <a href='https://openstudio-hpxml.readthedocs.io/en/v1.10.0/workflow_inputs.html#hpxml-vehicles'>HPXML Vehicles</a>) is used.",Double,false,,miles,
vehicle_hours_driven_per_week,Vehicle: Hours Driven Per Week,"The weekly hours the vehicle is driven. If not provided, the OS-HPXML default (see <a href='https://openstudio-hpxml.readthedocs.io/en/v1.10.0/workflow_inputs.html#hpxml-vehicles'>HPXML Vehicles</a>) is used.",Double,false,,hours,
vehicle_fraction_charged_home,Vehicle: Fraction Charged at Home,"The fraction of charging energy provided by the at-home charger to the vehicle, only applies to electric vehicles. If not provided, the OS-HPXML default (see <a href='https://openstudio-hpxml.readthedocs.io/en/v1.10.0/workflow_inputs.html#hpxml-vehicles'>HPXML Vehicles</a>) is used.",Double,false,,,
ev_charger_present,Electric Vehicle Charger: Present,Whether there is an electric vehicle charger present.,Boolean,false,"['true', 'false']",,false
ev_charger_level,Electric Vehicle Charger: Charging Level,"The charging level of the EV charger. If not provided, the OS-HPXML default (see <a href='https://openstudio-hpxml.readthedocs.io/en/v1.10.0/workflow_inputs.html#hpxml-electric-vehicle-chargers'>HPXML Electric Vehicle Chargers</a>) is used.",Choice,false,"['1', '2', '3']",,
ev_charger_power,Electric Vehicle Charger: Rated Charging Power,"The rated power output of the EV charger. If not provided, the OS-HPXML default (see <a href='https://openstudio-hpxml.readthedocs.io/en/v1.10.0/workflow_inputs.html#hpxml-electric-vehicle-chargers'>HPXML Electric Vehicle Chargers</a>) is used.",Double,false,,W,
lighting_present,Lighting: Present,Whether there is lighting energy use.,Boolean,true,"['true', 'false']",,true
lighting_interior_fraction_cfl,Lighting: Interior Fraction CFL,"Fraction of all lamps (interior) that are compact fluorescent. Lighting not specified as CFL, LFL, or LED is assumed to be incandescent.",Double,true,,,0.1
lighting_interior_fraction_lfl,Lighting: Interior Fraction LFL,"Fraction of all lamps (interior) that are linear fluorescent. Lighting not specified as CFL, LFL, or LED is assumed to be incandescent.",Double,true,,,0
lighting_interior_fraction_led,Lighting: Interior Fraction LED,"Fraction of all lamps (interior) that are light emitting diodes. Lighting not specified as CFL, LFL, or LED is assumed to be incandescent.",Double,true,,,0
lighting_interior_usage_multiplier,Lighting: Interior Usage Multiplier,"Multiplier on the lighting energy usage (interior) that can reflect, e.g., high/low usage occupants. If not provided, the OS-HPXML default (see <a href='https://openstudio-hpxml.readthedocs.io/en/v1.10.0/workflow_inputs.html#hpxml-lighting'>HPXML Lighting</a>) is used.",Double,false,,,
lighting_exterior_fraction_cfl,Lighting: Exterior Fraction CFL,"Fraction of all lamps (exterior) that are compact fluorescent. Lighting not specified as CFL, LFL, or LED is assumed to be incandescent.",Double,true,,,0
lighting_exterior_fraction_lfl,Lighting: Exterior Fraction LFL,"Fraction of all lamps (exterior) that are linear fluorescent. Lighting not specified as CFL, LFL, or LED is assumed to be incandescent.",Double,true,,,0
lighting_exterior_fraction_led,Lighting: Exterior Fraction LED,"Fraction of all lamps (exterior) that are light emitting diodes. Lighting not specified as CFL, LFL, or LED is assumed to be incandescent.",Double,true,,,0
lighting_exterior_usage_multiplier,Lighting: Exterior Usage Multiplier,"Multiplier on the lighting energy usage (exterior) that can reflect, e.g., high/low usage occupants. If not provided, the OS-HPXML default (see <a href='https://openstudio-hpxml.readthedocs.io/en/v1.10.0/workflow_inputs.html#hpxml-lighting'>HPXML Lighting</a>) is used.",Double,false,,,
lighting_garage_fraction_cfl,Lighting: Garage Fraction CFL,"Fraction of all lamps (garage) that are compact fluorescent. Lighting not specified as CFL, LFL, or LED is assumed to be incandescent.",Double,true,,,0
lighting_garage_fraction_lfl,Lighting: Garage Fraction LFL,"Fraction of all lamps (garage) that are linear fluorescent. Lighting not specified as CFL, LFL, or LED is assumed to be incandescent.",Double,true,,,0
lighting_garage_fraction_led,Lighting: Garage Fraction LED,"Fraction of all lamps (garage) that are light emitting diodes. Lighting not specified as CFL, LFL, or LED is assumed to be incandescent.",Double,true,,,0
lighting_garage_usage_multiplier,Lighting: Garage Usage Multiplier,"Multiplier on the lighting energy usage (garage) that can reflect, e.g., high/low usage occupants. If not provided, the OS-HPXML default (see <a href='https://openstudio-hpxml.readthedocs.io/en/v1.10.0/workflow_inputs.html#hpxml-lighting'>HPXML Lighting</a>) is used.",Double,false,,,
holiday_lighting_present,Holiday Lighting: Present,Whether there is holiday lighting.,Boolean,true,"['true', 'false']",,false
holiday_lighting_daily_kwh,Holiday Lighting: Daily Consumption,"The daily energy consumption for holiday lighting (exterior). If not provided, the OS-HPXML default (see <a href='https://openstudio-hpxml.readthedocs.io/en/v1.10.0/workflow_inputs.html#hpxml-lighting'>HPXML Lighting</a>) is used.",Double,false,,kWh/day,
holiday_lighting_period,Holiday Lighting: Period,"Enter a date range like 'Nov 25 - Jan 5'. If not provided, the OS-HPXML default (see <a href='https://openstudio-hpxml.readthedocs.io/en/v1.10.0/workflow_inputs.html#hpxml-lighting'>HPXML Lighting</a>) is used.",String,false,,,
dehumidifier_type,Dehumidifier: Type,The type of dehumidifier.,Choice,true,"['none', 'portable', 'whole-home']",,none
dehumidifier_efficiency_type,Dehumidifier: Efficiency Type,The efficiency type of dehumidifier.,Choice,true,"['EnergyFactor', 'IntegratedEnergyFactor']",,IntegratedEnergyFactor
dehumidifier_efficiency,Dehumidifier: Efficiency,The efficiency of the dehumidifier.,Double,true,,liters/kWh,1.5
dehumidifier_capacity,Dehumidifier: Capacity,The capacity (water removal rate) of the dehumidifier.,Double,true,,pint/day,40
dehumidifier_rh_setpoint,Dehumidifier: Relative Humidity Setpoint,The relative humidity setpoint of the dehumidifier.,Double,true,,Frac,0.5
dehumidifier_fraction_dehumidification_load_served,Dehumidifier: Fraction Dehumidification Load Served,The dehumidification load served fraction of the dehumidifier.,Double,true,,Frac,1
clothes_washer_present,Clothes Washer: Present,Whether there is a clothes washer present.,Boolean,true,"['true', 'false']",,true
clothes_washer_location,Clothes Washer: Location,"The space type for the clothes washer location. If not provided, the OS-HPXML default (see <a href='https://openstudio-hpxml.readthedocs.io/en/v1.10.0/workflow_inputs.html#hpxml-clothes-washer'>HPXML Clothes Washer</a>) is used.",Choice,false,"['conditioned space', 'basement - conditioned', 'basement - unconditioned', 'garage', 'other housing unit', 'other heated space', 'other multifamily buffer space', 'other non-freezing space']",,
clothes_washer_efficiency_type,Clothes Washer: Efficiency Type,The efficiency type of the clothes washer.,Choice,true,"['ModifiedEnergyFactor', 'IntegratedModifiedEnergyFactor']",,IntegratedModifiedEnergyFactor
clothes_washer_efficiency,Clothes Washer: Efficiency,"The efficiency of the clothes washer. If not provided, the OS-HPXML default (see <a href='https://openstudio-hpxml.readthedocs.io/en/v1.10.0/workflow_inputs.html#hpxml-clothes-washer'>HPXML Clothes Washer</a>) is used.",Double,false,,ft^3/kWh-cyc,
clothes_washer_rated_annual_kwh,Clothes Washer: Rated Annual Consumption,"The annual energy consumed by the clothes washer, as rated, obtained from the EnergyGuide label. This includes both the appliance electricity consumption and the energy required for water heating. If not provided, the OS-HPXML default (see <a href='https://openstudio-hpxml.readthedocs.io/en/v1.10.0/workflow_inputs.html#hpxml-clothes-washer'>HPXML Clothes Washer</a>) is used.",Double,false,,kWh/yr,
clothes_washer_label_electric_rate,Clothes Washer: Label Electric Rate,"The annual energy consumed by the clothes washer, as rated, obtained from the EnergyGuide label. This includes both the appliance electricity consumption and the energy required for water heating. If not provided, the OS-HPXML default (see <a href='https://openstudio-hpxml.readthedocs.io/en/v1.10.0/workflow_inputs.html#hpxml-clothes-washer'>HPXML Clothes Washer</a>) is used.",Double,false,,$/kWh,
clothes_washer_label_gas_rate,Clothes Washer: Label Gas Rate,"The annual energy consumed by the clothes washer, as rated, obtained from the EnergyGuide label. This includes both the appliance electricity consumption and the energy required for water heating. If not provided, the OS-HPXML default (see <a href='https://openstudio-hpxml.readthedocs.io/en/v1.10.0/workflow_inputs.html#hpxml-clothes-washer'>HPXML Clothes Washer</a>) is used.",Double,false,,$/therm,
clothes_washer_label_annual_gas_cost,Clothes Washer: Label Annual Cost with Gas DHW,"The annual cost of using the system under test conditions. Input is obtained from the EnergyGuide label. If not provided, the OS-HPXML default (see <a href='https://openstudio-hpxml.readthedocs.io/en/v1.10.0/workflow_inputs.html#hpxml-clothes-washer'>HPXML Clothes Washer</a>) is used.",Double,false,,$,
clothes_washer_label_usage,Clothes Washer: Label Usage,"The clothes washer loads per week. If not provided, the OS-HPXML default (see <a href='https://openstudio-hpxml.readthedocs.io/en/v1.10.0/workflow_inputs.html#hpxml-clothes-washer'>HPXML Clothes Washer</a>) is used.",Double,false,,cyc/wk,
clothes_washer_capacity,Clothes Washer: Drum Volume,"Volume of the washer drum. Obtained from the EnergyStar website or the manufacturer's literature. If not provided, the OS-HPXML default (see <a href='https://openstudio-hpxml.readthedocs.io/en/v1.10.0/workflow_inputs.html#hpxml-clothes-washer'>HPXML Clothes Washer</a>) is used.",Double,false,,ft^3,
clothes_washer_usage_multiplier,Clothes Washer: Usage Multiplier,"Multiplier on the clothes washer energy and hot water usage that can reflect, e.g., high/low usage occupants. If not provided, the OS-HPXML default (see <a href='https://openstudio-hpxml.readthedocs.io/en/v1.10.0/workflow_inputs.html#hpxml-clothes-washer'>HPXML Clothes Washer</a>) is used.",Double,false,,,
clothes_dryer_present,Clothes Dryer: Present,Whether there is a clothes dryer present.,Boolean,true,"['true', 'false']",,true
clothes_dryer_location,Clothes Dryer: Location,"The space type for the clothes dryer location. If not provided, the OS-HPXML default (see <a href='https://openstudio-hpxml.readthedocs.io/en/v1.10.0/workflow_inputs.html#hpxml-clothes-dryer'>HPXML Clothes Dryer</a>) is used.",Choice,false,"['conditioned space', 'basement - conditioned', 'basement - unconditioned', 'garage', 'other housing unit', 'other heated space', 'other multifamily buffer space', 'other non-freezing space']",,
clothes_dryer_fuel_type,Clothes Dryer: Fuel Type,Type of fuel used by the clothes dryer.,Choice,true,"['electricity', 'natural gas', 'fuel oil', 'propane', 'wood', 'coal']",,natural gas
clothes_dryer_efficiency_type,Clothes Dryer: Efficiency Type,The efficiency type of the clothes dryer.,Choice,true,"['EnergyFactor', 'CombinedEnergyFactor']",,CombinedEnergyFactor
clothes_dryer_efficiency,Clothes Dryer: Efficiency,"The efficiency of the clothes dryer. If not provided, the OS-HPXML default (see <a href='https://openstudio-hpxml.readthedocs.io/en/v1.10.0/workflow_inputs.html#hpxml-clothes-dryer'>HPXML Clothes Dryer</a>) is used.",Double,false,,lb/kWh,
clothes_dryer_vented_flow_rate,Clothes Dryer: Vented Flow Rate,"The exhaust flow rate of the vented clothes dryer. If not provided, the OS-HPXML default (see <a href='https://openstudio-hpxml.readthedocs.io/en/v1.10.0/workflow_inputs.html#hpxml-clothes-dryer'>HPXML Clothes Dryer</a>) is used.",Double,false,,CFM,
clothes_dryer_usage_multiplier,Clothes Dryer: Usage Multiplier,"Multiplier on the clothes dryer energy usage that can reflect, e.g., high/low usage occupants. If not provided, the OS-HPXML default (see <a href='https://openstudio-hpxml.readthedocs.io/en/v1.10.0/workflow_inputs.html#hpxml-clothes-dryer'>HPXML Clothes Dryer</a>) is used.",Double,false,,,
dishwasher_present,Dishwasher: Present,Whether there is a dishwasher present.,Boolean,true,"['true', 'false']",,true
dishwasher_location,Dishwasher: Location,"The space type for the dishwasher location. If not provided, the OS-HPXML default (see <a href='https://openstudio-hpxml.readthedocs.io/en/v1.10.0/workflow_inputs.html#hpxml-dishwasher'>HPXML Dishwasher</a>) is used.",Choice,false,"['conditioned space', 'basement - conditioned', 'basement - unconditioned', 'garage', 'other housing unit', 'other heated space', 'other multifamily buffer space', 'other non-freezing space']",,
dishwasher_efficiency_type,Dishwasher: Efficiency Type,The efficiency type of dishwasher.,Choice,true,"['RatedAnnualkWh', 'EnergyFactor']",,RatedAnnualkWh
dishwasher_efficiency,Dishwasher: Efficiency,"The efficiency of the dishwasher. If not provided, the OS-HPXML default (see <a href='https://openstudio-hpxml.readthedocs.io/en/v1.10.0/workflow_inputs.html#hpxml-dishwasher'>HPXML Dishwasher</a>) is used.",Double,false,,RatedAnnualkWh or EnergyFactor,
dishwasher_label_electric_rate,Dishwasher: Label Electric Rate,"The label electric rate of the dishwasher. If not provided, the OS-HPXML default (see <a href='https://openstudio-hpxml.readthedocs.io/en/v1.10.0/workflow_inputs.html#hpxml-dishwasher'>HPXML Dishwasher</a>) is used.",Double,false,,$/kWh,
dishwasher_label_gas_rate,Dishwasher: Label Gas Rate,"The label gas rate of the dishwasher. If not provided, the OS-HPXML default (see <a href='https://openstudio-hpxml.readthedocs.io/en/v1.10.0/workflow_inputs.html#hpxml-dishwasher'>HPXML Dishwasher</a>) is used.",Double,false,,$/therm,
dishwasher_label_annual_gas_cost,Dishwasher: Label Annual Gas Cost,"The label annual gas cost of the dishwasher. If not provided, the OS-HPXML default (see <a href='https://openstudio-hpxml.readthedocs.io/en/v1.10.0/workflow_inputs.html#hpxml-dishwasher'>HPXML Dishwasher</a>) is used.",Double,false,,$,
dishwasher_label_usage,Dishwasher: Label Usage,"The dishwasher loads per week. If not provided, the OS-HPXML default (see <a href='https://openstudio-hpxml.readthedocs.io/en/v1.10.0/workflow_inputs.html#hpxml-dishwasher'>HPXML Dishwasher</a>) is used.",Double,false,,cyc/wk,
dishwasher_place_setting_capacity,Dishwasher: Number of Place Settings,"The number of place settings for the unit. Data obtained from manufacturer's literature. If not provided, the OS-HPXML default (see <a href='https://openstudio-hpxml.readthedocs.io/en/v1.10.0/workflow_inputs.html#hpxml-dishwasher'>HPXML Dishwasher</a>) is used.",Integer,false,,#,
dishwasher_usage_multiplier,Dishwasher: Usage Multiplier,"Multiplier on the dishwasher energy usage that can reflect, e.g., high/low usage occupants. If not provided, the OS-HPXML default (see <a href='https://openstudio-hpxml.readthedocs.io/en/v1.10.0/workflow_inputs.html#hpxml-dishwasher'>HPXML Dishwasher</a>) is used.",Double,false,,,
refrigerator_present,Refrigerator: Present,Whether there is a refrigerator present.,Boolean,true,"['true', 'false']",,true
refrigerator_location,Refrigerator: Location,"The space type for the refrigerator location. If not provided, the OS-HPXML default (see <a href='https://openstudio-hpxml.readthedocs.io/en/v1.10.0/workflow_inputs.html#hpxml-refrigerators'>HPXML Refrigerators</a>) is used.",Choice,false,"['conditioned space', 'basement - conditioned', 'basement - unconditioned', 'garage', 'other housing unit', 'other heated space', 'other multifamily buffer space', 'other non-freezing space']",,
refrigerator_rated_annual_kwh,Refrigerator: Rated Annual Consumption,"The EnergyGuide rated annual energy consumption for a refrigerator. If not provided, the OS-HPXML default (see <a href='https://openstudio-hpxml.readthedocs.io/en/v1.10.0/workflow_inputs.html#hpxml-refrigerators'>HPXML Refrigerators</a>) is used.",Double,false,,kWh/yr,
refrigerator_usage_multiplier,Refrigerator: Usage Multiplier,"Multiplier on the refrigerator energy usage that can reflect, e.g., high/low usage occupants. If not provided, the OS-HPXML default (see <a href='https://openstudio-hpxml.readthedocs.io/en/v1.10.0/workflow_inputs.html#hpxml-refrigerators'>HPXML Refrigerators</a>) is used.",Double,false,,,
extra_refrigerator_present,Extra Refrigerator: Present,Whether there is an extra refrigerator present.,Boolean,true,"['true', 'false']",,false
extra_refrigerator_location,Extra Refrigerator: Location,"The space type for the extra refrigerator location. If not provided, the OS-HPXML default (see <a href='https://openstudio-hpxml.readthedocs.io/en/v1.10.0/workflow_inputs.html#hpxml-refrigerators'>HPXML Refrigerators</a>) is used.",Choice,false,"['conditioned space', 'basement - conditioned', 'basement - unconditioned', 'garage', 'other housing unit', 'other heated space', 'other multifamily buffer space', 'other non-freezing space']",,
extra_refrigerator_rated_annual_kwh,Extra Refrigerator: Rated Annual Consumption,"The EnergyGuide rated annual energy consumption for an extra refrigerator. If not provided, the OS-HPXML default (see <a href='https://openstudio-hpxml.readthedocs.io/en/v1.10.0/workflow_inputs.html#hpxml-refrigerators'>HPXML Refrigerators</a>) is used.",Double,false,,kWh/yr,
extra_refrigerator_usage_multiplier,Extra Refrigerator: Usage Multiplier,"Multiplier on the extra refrigerator energy usage that can reflect, e.g., high/low usage occupants. If not provided, the OS-HPXML default (see <a href='https://openstudio-hpxml.readthedocs.io/en/v1.10.0/workflow_inputs.html#hpxml-refrigerators'>HPXML Refrigerators</a>) is used.",Double,false,,,
freezer_present,Freezer: Present,Whether there is a freezer present.,Boolean,true,"['true', 'false']",,false
freezer_location,Freezer: Location,"The space type for the freezer location. If not provided, the OS-HPXML default (see <a href='https://openstudio-hpxml.readthedocs.io/en/v1.10.0/workflow_inputs.html#hpxml-freezers'>HPXML Freezers</a>) is used.",Choice,false,"['conditioned space', 'basement - conditioned', 'basement - unconditioned', 'garage', 'other housing unit', 'other heated space', 'other multifamily buffer space', 'other non-freezing space']",,
freezer_rated_annual_kwh,Freezer: Rated Annual Consumption,"The EnergyGuide rated annual energy consumption for a freezer. If not provided, the OS-HPXML default (see <a href='https://openstudio-hpxml.readthedocs.io/en/v1.10.0/workflow_inputs.html#hpxml-freezers'>HPXML Freezers</a>) is used.",Double,false,,kWh/yr,
freezer_usage_multiplier,Freezer: Usage Multiplier,"Multiplier on the freezer energy usage that can reflect, e.g., high/low usage occupants. If not provided, the OS-HPXML default (see <a href='https://openstudio-hpxml.readthedocs.io/en/v1.10.0/workflow_inputs.html#hpxml-freezers'>HPXML Freezers</a>) is used.",Double,false,,,
cooking_range_oven_present,Cooking Range/Oven: Present,Whether there is a cooking range/oven present.,Boolean,true,"['true', 'false']",,true
cooking_range_oven_location,Cooking Range/Oven: Location,"The space type for the cooking range/oven location. If not provided, the OS-HPXML default (see <a href='https://openstudio-hpxml.readthedocs.io/en/v1.10.0/workflow_inputs.html#hpxml-cooking-range-oven'>HPXML Cooking Range/Oven</a>) is used.",Choice,false,"['conditioned space', 'basement - conditioned', 'basement - unconditioned', 'garage', 'other housing unit', 'other heated space', 'other multifamily buffer space', 'other non-freezing space']",,
cooking_range_oven_fuel_type,Cooking Range/Oven: Fuel Type,Type of fuel used by the cooking range/oven.,Choice,true,"['electricity', 'natural gas', 'fuel oil', 'propane', 'wood', 'coal']",,natural gas
cooking_range_oven_is_induction,Cooking Range/Oven: Is Induction,"Whether the cooking range is induction. If not provided, the OS-HPXML default (see <a href='https://openstudio-hpxml.readthedocs.io/en/v1.10.0/workflow_inputs.html#hpxml-cooking-range-oven'>HPXML Cooking Range/Oven</a>) is used.",Boolean,false,"['true', 'false']",,
cooking_range_oven_is_convection,Cooking Range/Oven: Is Convection,"Whether the oven is convection. If not provided, the OS-HPXML default (see <a href='https://openstudio-hpxml.readthedocs.io/en/v1.10.0/workflow_inputs.html#hpxml-cooking-range-oven'>HPXML Cooking Range/Oven</a>) is used.",Boolean,false,"['true', 'false']",,
cooking_range_oven_usage_multiplier,Cooking Range/Oven: Usage Multiplier,"Multiplier on the cooking range/oven energy usage that can reflect, e.g., high/low usage occupants. If not provided, the OS-HPXML default (see <a href='https://openstudio-hpxml.readthedocs.io/en/v1.10.0/workflow_inputs.html#hpxml-cooking-range-oven'>HPXML Cooking Range/Oven</a>) is used.",Double,false,,,
ceiling_fan_present,Ceiling Fan: Present,Whether there are any ceiling fans.,Boolean,true,"['true', 'false']",,true
ceiling_fan_label_energy_use,Ceiling Fan: Label Energy Use,"The label average energy use of the ceiling fan(s). If neither Efficiency nor Label Energy Use provided, the OS-HPXML default (see <a href='https://openstudio-hpxml.readthedocs.io/en/v1.10.0/workflow_inputs.html#hpxml-ceiling-fans'>HPXML Ceiling Fans</a>) is used.",Double,false,,W,
ceiling_fan_efficiency,Ceiling Fan: Efficiency,"The efficiency rating of the ceiling fan(s) at medium speed. Only used if Label Energy Use not provided. If neither Efficiency nor Label Energy Use provided, the OS-HPXML default (see <a href='https://openstudio-hpxml.readthedocs.io/en/v1.10.0/workflow_inputs.html#hpxml-ceiling-fans'>HPXML Ceiling Fans</a>) is used.",Double,false,,CFM/W,
ceiling_fan_quantity,Ceiling Fan: Quantity,"Total number of ceiling fans. If not provided, the OS-HPXML default (see <a href='https://openstudio-hpxml.readthedocs.io/en/v1.10.0/workflow_inputs.html#hpxml-ceiling-fans'>HPXML Ceiling Fans</a>) is used.",Integer,false,,#,
ceiling_fan_cooling_setpoint_temp_offset,Ceiling Fan: Cooling Setpoint Temperature Offset,"The cooling setpoint temperature offset during months when the ceiling fans are operating. Only applies if ceiling fan quantity is greater than zero. If not provided, the OS-HPXML default (see <a href='https://openstudio-hpxml.readthedocs.io/en/v1.10.0/workflow_inputs.html#hpxml-ceiling-fans'>HPXML Ceiling Fans</a>) is used.",Double,false,,F,
misc_plug_loads_television_present,Misc Plug Loads: Television Present,Whether there are televisions.,Boolean,true,"['true', 'false']",,true
misc_plug_loads_television_annual_kwh,Misc Plug Loads: Television Annual kWh,"The annual energy consumption of the television plug loads. If not provided, the OS-HPXML default (see <a href='https://openstudio-hpxml.readthedocs.io/en/v1.10.0/workflow_inputs.html#hpxml-plug-loads'>HPXML Plug Loads</a>) is used.",Double,false,,kWh/yr,
misc_plug_loads_television_usage_multiplier,Misc Plug Loads: Television Usage Multiplier,"Multiplier on the television energy usage that can reflect, e.g., high/low usage occupants. If not provided, the OS-HPXML default (see <a href='https://openstudio-hpxml.readthedocs.io/en/v1.10.0/workflow_inputs.html#hpxml-plug-loads'>HPXML Plug Loads</a>) is used.",Double,false,,,
misc_plug_loads_other_annual_kwh,Misc Plug Loads: Other Annual kWh,"The annual energy consumption of the other residual plug loads. If not provided, the OS-HPXML default (see <a href='https://openstudio-hpxml.readthedocs.io/en/v1.10.0/workflow_inputs.html#hpxml-plug-loads'>HPXML Plug Loads</a>) is used.",Double,false,,kWh/yr,
misc_plug_loads_other_frac_sensible,Misc Plug Loads: Other Sensible Fraction,"Fraction of other residual plug loads' internal gains that are sensible. If not provided, the OS-HPXML default (see <a href='https://openstudio-hpxml.readthedocs.io/en/v1.10.0/workflow_inputs.html#hpxml-plug-loads'>HPXML Plug Loads</a>) is used.",Double,false,,Frac,
misc_plug_loads_other_frac_latent,Misc Plug Loads: Other Latent Fraction,"Fraction of other residual plug loads' internal gains that are latent. If not provided, the OS-HPXML default (see <a href='https://openstudio-hpxml.readthedocs.io/en/v1.10.0/workflow_inputs.html#hpxml-plug-loads'>HPXML Plug Loads</a>) is used.",Double,false,,Frac,
misc_plug_loads_other_usage_multiplier,Misc Plug Loads: Other Usage Multiplier,"Multiplier on the other energy usage that can reflect, e.g., high/low usage occupants. If not provided, the OS-HPXML default (see <a href='https://openstudio-hpxml.readthedocs.io/en/v1.10.0/workflow_inputs.html#hpxml-plug-loads'>HPXML Plug Loads</a>) is used.",Double,false,,,
misc_plug_loads_well_pump_present,Misc Plug Loads: Well Pump Present,Whether there is a well pump.,Boolean,true,"['true', 'false']",,false
misc_plug_loads_well_pump_annual_kwh,Misc Plug Loads: Well Pump Annual kWh,"The annual energy consumption of the well pump plug loads. If not provided, the OS-HPXML default (see <a href='https://openstudio-hpxml.readthedocs.io/en/v1.10.0/workflow_inputs.html#hpxml-plug-loads'>HPXML Plug Loads</a>) is used.",Double,false,,kWh/yr,
misc_plug_loads_well_pump_usage_multiplier,Misc Plug Loads: Well Pump Usage Multiplier,"Multiplier on the well pump energy usage that can reflect, e.g., high/low usage occupants. If not provided, the OS-HPXML default (see <a href='https://openstudio-hpxml.readthedocs.io/en/v1.10.0/workflow_inputs.html#hpxml-plug-loads'>HPXML Plug Loads</a>) is used.",Double,false,,,
misc_plug_loads_vehicle_present,Misc Plug Loads: Vehicle Present,Whether there is an electric vehicle.,Boolean,true,"['true', 'false']",,false
misc_plug_loads_vehicle_annual_kwh,Misc Plug Loads: Vehicle Annual kWh,"The annual energy consumption of the electric vehicle plug loads. If not provided, the OS-HPXML default (see <a href='https://openstudio-hpxml.readthedocs.io/en/v1.10.0/workflow_inputs.html#hpxml-plug-loads'>HPXML Plug Loads</a>) is used.",Double,false,,kWh/yr,
misc_plug_loads_vehicle_usage_multiplier,Misc Plug Loads: Vehicle Usage Multiplier,"Multiplier on the electric vehicle energy usage that can reflect, e.g., high/low usage occupants. If not provided, the OS-HPXML default (see <a href='https://openstudio-hpxml.readthedocs.io/en/v1.10.0/workflow_inputs.html#hpxml-plug-loads'>HPXML Plug Loads</a>) is used.",Double,false,,,
misc_fuel_loads_grill_present,Misc Fuel Loads: Grill Present,Whether there is a fuel loads grill.,Boolean,true,"['true', 'false']",,false
misc_fuel_loads_grill_fuel_type,Misc Fuel Loads: Grill Fuel Type,The fuel type of the fuel loads grill.,Choice,true,"['natural gas', 'fuel oil', 'propane', 'wood', 'wood pellets']",,natural gas
misc_fuel_loads_grill_annual_therm,Misc Fuel Loads: Grill Annual therm,"The annual energy consumption of the fuel loads grill. If not provided, the OS-HPXML default (see <a href='https://openstudio-hpxml.readthedocs.io/en/v1.10.0/workflow_inputs.html#hpxml-fuel-loads'>HPXML Fuel Loads</a>) is used.",Double,false,,therm/yr,
misc_fuel_loads_grill_usage_multiplier,Misc Fuel Loads: Grill Usage Multiplier,"Multiplier on the fuel loads grill energy usage that can reflect, e.g., high/low usage occupants. If not provided, the OS-HPXML default (see <a href='https://openstudio-hpxml.readthedocs.io/en/v1.10.0/workflow_inputs.html#hpxml-fuel-loads'>HPXML Fuel Loads</a>) is used.",Double,false,,,
misc_fuel_loads_lighting_present,Misc Fuel Loads: Lighting Present,Whether there is fuel loads lighting.,Boolean,true,"['true', 'false']",,false
misc_fuel_loads_lighting_fuel_type,Misc Fuel Loads: Lighting Fuel Type,The fuel type of the fuel loads lighting.,Choice,true,"['natural gas', 'fuel oil', 'propane', 'wood', 'wood pellets']",,natural gas
misc_fuel_loads_lighting_annual_therm,Misc Fuel Loads: Lighting Annual therm,"The annual energy consumption of the fuel loads lighting. If not provided, the OS-HPXML default (see <a href='https://openstudio-hpxml.readthedocs.io/en/v1.10.0/workflow_inputs.html#hpxml-fuel-loads'>HPXML Fuel Loads</a>)is used.",Double,false,,therm/yr,
misc_fuel_loads_lighting_usage_multiplier,Misc Fuel Loads: Lighting Usage Multiplier,"Multiplier on the fuel loads lighting energy usage that can reflect, e.g., high/low usage occupants. If not provided, the OS-HPXML default (see <a href='https://openstudio-hpxml.readthedocs.io/en/v1.10.0/workflow_inputs.html#hpxml-fuel-loads'>HPXML Fuel Loads</a>) is used.",Double,false,,,
misc_fuel_loads_fireplace_present,Misc Fuel Loads: Fireplace Present,Whether there is fuel loads fireplace.,Boolean,true,"['true', 'false']",,false
misc_fuel_loads_fireplace_fuel_type,Misc Fuel Loads: Fireplace Fuel Type,The fuel type of the fuel loads fireplace.,Choice,true,"['natural gas', 'fuel oil', 'propane', 'wood', 'wood pellets']",,natural gas
misc_fuel_loads_fireplace_annual_therm,Misc Fuel Loads: Fireplace Annual therm,"The annual energy consumption of the fuel loads fireplace. If not provided, the OS-HPXML default (see <a href='https://openstudio-hpxml.readthedocs.io/en/v1.10.0/workflow_inputs.html#hpxml-fuel-loads'>HPXML Fuel Loads</a>) is used.",Double,false,,therm/yr,
misc_fuel_loads_fireplace_frac_sensible,Misc Fuel Loads: Fireplace Sensible Fraction,"Fraction of fireplace residual fuel loads' internal gains that are sensible. If not provided, the OS-HPXML default (see <a href='https://openstudio-hpxml.readthedocs.io/en/v1.10.0/workflow_inputs.html#hpxml-fuel-loads'>HPXML Fuel Loads</a>) is used.",Double,false,,Frac,
misc_fuel_loads_fireplace_frac_latent,Misc Fuel Loads: Fireplace Latent Fraction,"Fraction of fireplace residual fuel loads' internal gains that are latent. If not provided, the OS-HPXML default (see <a href='https://openstudio-hpxml.readthedocs.io/en/v1.10.0/workflow_inputs.html#hpxml-fuel-loads'>HPXML Fuel Loads</a>) is used.",Double,false,,Frac,
misc_fuel_loads_fireplace_usage_multiplier,Misc Fuel Loads: Fireplace Usage Multiplier,"Multiplier on the fuel loads fireplace energy usage that can reflect, e.g., high/low usage occupants. If not provided, the OS-HPXML default (see <a href='https://openstudio-hpxml.readthedocs.io/en/v1.10.0/workflow_inputs.html#hpxml-fuel-loads'>HPXML Fuel Loads</a>) is used.",Double,false,,,
pool_present,Pool: Present,Whether there is a pool.,Boolean,true,"['true', 'false']",,false
pool_pump_annual_kwh,Pool: Pump Annual kWh,"The annual energy consumption of the pool pump. If not provided, the OS-HPXML default (see <a href='https://openstudio-hpxml.readthedocs.io/en/v1.10.0/workflow_inputs.html#pool-pump'>Pool Pump</a>) is used.",Double,false,,kWh/yr,
pool_pump_usage_multiplier,Pool: Pump Usage Multiplier,"Multiplier on the pool pump energy usage that can reflect, e.g., high/low usage occupants. If not provided, the OS-HPXML default (see <a href='https://openstudio-hpxml.readthedocs.io/en/v1.10.0/workflow_inputs.html#pool-pump'>Pool Pump</a>) is used.",Double,false,,,
pool_heater_type,Pool: Heater Type,The type of pool heater. Use 'none' if there is no pool heater.,Choice,true,"['none', 'electric resistance', 'gas fired', 'heat pump']",,none
pool_heater_annual_kwh,Pool: Heater Annual kWh,"The annual energy consumption of the electric resistance pool heater. If not provided, the OS-HPXML default (see <a href='https://openstudio-hpxml.readthedocs.io/en/v1.10.0/workflow_inputs.html#pool-heater'>Pool Heater</a>) is used.",Double,false,,kWh/yr,
pool_heater_annual_therm,Pool: Heater Annual therm,"The annual energy consumption of the gas fired pool heater. If not provided, the OS-HPXML default (see <a href='https://openstudio-hpxml.readthedocs.io/en/v1.10.0/workflow_inputs.html#pool-heater'>Pool Heater</a>) is used.",Double,false,,therm/yr,
pool_heater_usage_multiplier,Pool: Heater Usage Multiplier,"Multiplier on the pool heater energy usage that can reflect, e.g., high/low usage occupants. If not provided, the OS-HPXML default (see <a href='https://openstudio-hpxml.readthedocs.io/en/v1.10.0/workflow_inputs.html#pool-heater'>Pool Heater</a>) is used.",Double,false,,,
permanent_spa_present,Permanent Spa: Present,Whether there is a permanent spa.,Boolean,true,"['true', 'false']",,false
permanent_spa_pump_annual_kwh,Permanent Spa: Pump Annual kWh,"The annual energy consumption of the permanent spa pump. If not provided, the OS-HPXML default (see <a href='https://openstudio-hpxml.readthedocs.io/en/v1.10.0/workflow_inputs.html#permanent-spa-pump'>Permanent Spa Pump</a>) is used.",Double,false,,kWh/yr,
permanent_spa_pump_usage_multiplier,Permanent Spa: Pump Usage Multiplier,"Multiplier on the permanent spa pump energy usage that can reflect, e.g., high/low usage occupants. If not provided, the OS-HPXML default (see <a href='https://openstudio-hpxml.readthedocs.io/en/v1.10.0/workflow_inputs.html#permanent-spa-pump'>Permanent Spa Pump</a>) is used.",Double,false,,,
permanent_spa_heater_type,Permanent Spa: Heater Type,The type of permanent spa heater. Use 'none' if there is no permanent spa heater.,Choice,true,"['none', 'electric resistance', 'gas fired', 'heat pump']",,none
permanent_spa_heater_annual_kwh,Permanent Spa: Heater Annual kWh,"The annual energy consumption of the electric resistance permanent spa heater. If not provided, the OS-HPXML default (see <a href='https://openstudio-hpxml.readthedocs.io/en/v1.10.0/workflow_inputs.html#permanent-spa-heater'>Permanent Spa Heater</a>) is used.",Double,false,,kWh/yr,
permanent_spa_heater_annual_therm,Permanent Spa: Heater Annual therm,"The annual energy consumption of the gas fired permanent spa heater. If not provided, the OS-HPXML default (see <a href='https://openstudio-hpxml.readthedocs.io/en/v1.10.0/workflow_inputs.html#permanent-spa-heater'>Permanent Spa Heater</a>) is used.",Double,false,,therm/yr,
permanent_spa_heater_usage_multiplier,Permanent Spa: Heater Usage Multiplier,"Multiplier on the permanent spa heater energy usage that can reflect, e.g., high/low usage occupants. If not provided, the OS-HPXML default (see <a href='https://openstudio-hpxml.readthedocs.io/en/v1.10.0/workflow_inputs.html#permanent-spa-heater'>Permanent Spa Heater</a>) is used.",Double,false,,,
emissions_scenario_names,Emissions: Scenario Names,"Names of emissions scenarios. If multiple scenarios, use a comma-separated list. If not provided, no emissions scenarios are calculated.",String,false,,,
emissions_types,Emissions: Types,"Types of emissions (e.g., CO2e, NOx, etc.). If multiple scenarios, use a comma-separated list.",String,false,,,
emissions_electricity_units,Emissions: Electricity Units,"Electricity emissions factors units. If multiple scenarios, use a comma-separated list. Only lb/MWh and kg/MWh are allowed.",String,false,,,
emissions_electricity_values_or_filepaths,Emissions: Electricity Values or File Paths,"Electricity emissions factors values, specified as either an annual factor or an absolute/relative path to a file with hourly factors. If multiple scenarios, use a comma-separated list.",String,false,,,
emissions_electricity_number_of_header_rows,Emissions: Electricity Files Number of Header Rows,"The number of header rows in the electricity emissions factor file. Only applies when an electricity filepath is used. If multiple scenarios, use a comma-separated list.",String,false,,,
emissions_electricity_column_numbers,Emissions: Electricity Files Column Numbers,"The column number in the electricity emissions factor file. Only applies when an electricity filepath is used. If multiple scenarios, use a comma-separated list.",String,false,,,
emissions_fossil_fuel_units,Emissions: Fossil Fuel Units,"Fossil fuel emissions factors units. If multiple scenarios, use a comma-separated list. Only lb/MBtu and kg/MBtu are allowed.",String,false,,,
emissions_natural_gas_values,Emissions: Natural Gas Values,"Natural gas emissions factors values, specified as an annual factor. If multiple scenarios, use a comma-separated list.",String,false,,,
emissions_propane_values,Emissions: Propane Values,"Propane emissions factors values, specified as an annual factor. If multiple scenarios, use a comma-separated list.",String,false,,,
emissions_fuel_oil_values,Emissions: Fuel Oil Values,"Fuel oil emissions factors values, specified as an annual factor. If multiple scenarios, use a comma-separated list.",String,false,,,
emissions_coal_values,Emissions: Coal Values,"Coal emissions factors values, specified as an annual factor. If multiple scenarios, use a comma-separated list.",String,false,,,
emissions_wood_values,Emissions: Wood Values,"Wood emissions factors values, specified as an annual factor. If multiple scenarios, use a comma-separated list.",String,false,,,
emissions_wood_pellets_values,Emissions: Wood Pellets Values,"Wood pellets emissions factors values, specified as an annual factor. If multiple scenarios, use a comma-separated list.",String,false,,,
utility_bill_scenario_names,Utility Bills: Scenario Names,"Names of utility bill scenarios. If multiple scenarios, use a comma-separated list. If not provided, no utility bills scenarios are calculated.",String,false,,,
utility_bill_electricity_filepaths,Utility Bills: Electricity File Paths,"Electricity tariff file specified as an absolute/relative path to a file with utility rate structure information. Tariff file must be formatted to OpenEI API version 7. If multiple scenarios, use a comma-separated list.",String,false,,,
utility_bill_electricity_fixed_charges,Utility Bills: Electricity Fixed Charges,"Electricity utility bill monthly fixed charges. If multiple scenarios, use a comma-separated list.",String,false,,,
utility_bill_natural_gas_fixed_charges,Utility Bills: Natural Gas Fixed Charges,"Natural gas utility bill monthly fixed charges. If multiple scenarios, use a comma-separated list.",String,false,,,
utility_bill_propane_fixed_charges,Utility Bills: Propane Fixed Charges,"Propane utility bill monthly fixed charges. If multiple scenarios, use a comma-separated list.",String,false,,,
utility_bill_fuel_oil_fixed_charges,Utility Bills: Fuel Oil Fixed Charges,"Fuel oil utility bill monthly fixed charges. If multiple scenarios, use a comma-separated list.",String,false,,,
utility_bill_coal_fixed_charges,Utility Bills: Coal Fixed Charges,"Coal utility bill monthly fixed charges. If multiple scenarios, use a comma-separated list.",String,false,,,
utility_bill_wood_fixed_charges,Utility Bills: Wood Fixed Charges,"Wood utility bill monthly fixed charges. If multiple scenarios, use a comma-separated list.",String,false,,,
utility_bill_wood_pellets_fixed_charges,Utility Bills: Wood Pellets Fixed Charges,"Wood pellets utility bill monthly fixed charges. If multiple scenarios, use a comma-separated list.",String,false,,,
utility_bill_electricity_marginal_rates,Utility Bills: Electricity Marginal Rates,"Electricity utility bill marginal rates. If multiple scenarios, use a comma-separated list.",String,false,,,
utility_bill_natural_gas_marginal_rates,Utility Bills: Natural Gas Marginal Rates,"Natural gas utility bill marginal rates. If multiple scenarios, use a comma-separated list.",String,false,,,
utility_bill_propane_marginal_rates,Utility Bills: Propane Marginal Rates,"Propane utility bill marginal rates. If multiple scenarios, use a comma-separated list.",String,false,,,
utility_bill_fuel_oil_marginal_rates,Utility Bills: Fuel Oil Marginal Rates,"Fuel oil utility bill marginal rates. If multiple scenarios, use a comma-separated list.",String,false,,,
utility_bill_coal_marginal_rates,Utility Bills: Coal Marginal Rates,"Coal utility bill marginal rates. If multiple scenarios, use a comma-separated list.",String,false,,,
utility_bill_wood_marginal_rates,Utility Bills: Wood Marginal Rates,"Wood utility bill marginal rates. If multiple scenarios, use a comma-separated list.",String,false,,,
utility_bill_wood_pellets_marginal_rates,Utility Bills: Wood Pellets Marginal Rates,"Wood pellets utility bill marginal rates. If multiple scenarios, use a comma-separated list.",String,false,,,
utility_bill_pv_compensation_types,Utility Bills: PV Compensation Types,"Utility bill PV compensation types. If multiple scenarios, use a comma-separated list.",String,false,,,
utility_bill_pv_net_metering_annual_excess_sellback_rate_types,Utility Bills: PV Net Metering Annual Excess Sellback Rate Types,"Utility bill PV net metering annual excess sellback rate types. Only applies if the PV compensation type is 'NetMetering'. If multiple scenarios, use a comma-separated list.",String,false,,,
utility_bill_pv_net_metering_annual_excess_sellback_rates,Utility Bills: PV Net Metering Annual Excess Sellback Rates,"Utility bill PV net metering annual excess sellback rates. Only applies if the PV compensation type is 'NetMetering' and the PV annual excess sellback rate type is 'User-Specified'. If multiple scenarios, use a comma-separated list.",String,false,,,
utility_bill_pv_feed_in_tariff_rates,Utility Bills: PV Feed-In Tariff Rates,"Utility bill PV annual full/gross feed-in tariff rates. Only applies if the PV compensation type is 'FeedInTariff'. If multiple scenarios, use a comma-separated list.",String,false,,,
utility_bill_pv_monthly_grid_connection_fee_units,Utility Bills: PV Monthly Grid Connection Fee Units,"Utility bill PV monthly grid connection fee units. If multiple scenarios, use a comma-separated list.",String,false,,,
utility_bill_pv_monthly_grid_connection_fees,Utility Bills: PV Monthly Grid Connection Fees,"Utility bill PV monthly grid connection fees. If multiple scenarios, use a comma-separated list.",String,false,,,
additional_properties,Additional Properties,"Additional properties specified as key-value pairs (i.e., key=value). If multiple additional properties, use a |-separated list. For example, 'LowIncome=false|Remodeled|Description=2-story home in Denver'. These properties will be stored in the HPXML file under /HPXML/SoftwareInfo/extension/AdditionalProperties.",String,false,,,
combine_like_surfaces,Combine like surfaces?,"If true, combines like surfaces to simplify the HPXML file generated.",Boolean,false,"['true', 'false']",,false
apply_defaults,Apply Default Values?,"If true, applies OS-HPXML default values to the HPXML output file. Setting to true will also force validation of the HPXML output file before applying OS-HPXML default values.",Boolean,false,"['true', 'false']",,false
apply_validation,Apply Validation?,"If true, validates the HPXML output file. Set to false for faster performance. Note that validation is not needed if the HPXML file will be validated downstream (e.g., via the HPXMLtoOpenStudio measure).",Boolean,false,"['true', 'false']",,false
